transaction_id,user_id,amount,user_baseline,timestamp,location,merchant_category,is_anomaly,anomaly_type
TXN_000000,USER_0018,165.94,112.74,2026-09-19 05:45:56.456679,New Jessica,Grocery,False,normal
TXN_000001,USER_0009,195.14,102.95,2026-09-08 19:15:56.456679,Herrerafurt,Entertainment,False,normal
TXN_000002,USER_0036,188.09,76.5,2026-08-28 10:35:56.456679,Lisatown,Utilities,False,normal
TXN_000003,USER_0033,83.27,92.74,2026-08-23 16:59:56.456679,East Jill,Grocery,False,normal
TXN_000004,USER_0009,144.15,102.95,2026-09-12 10:28:56.456679,Ramirezstad,Travel,False,normal
TXN_000005,USER_0010,123.22,84.95,2026-09-14 08:05:56.456679,Lake Debra,Entertainment,False,normal
TXN_000006,USER_0040,67.11,94.72,2026-09-08 18:13:56.456679,New Jessica,Entertainment,False,normal
TXN_000007,USER_0038,70.59,95.255,2026-09-14 01:45:56.456679,West Michael,Travel,False,normal
TXN_000008,USER_0046,114.77,67.27,2026-09-12 11:43:56.456679,North Judithbury,Entertainment,False,normal
TXN_000009,USER_0022,136.39,67.475,2026-09-09 19:59:56.456679,Jacquelineland,Entertainment,False,normal
TXN_000010,USER_0047,175.06,123.73,2026-09-19 12:20:56.456679,North Judithbury,Utilities,False,normal
TXN_000011,USER_0031,56.78,98.35,2026-09-20 17:05:56.456679,Jacquelineland,Utilities,False,normal
TXN_000012,USER_0015,145.67,110.16,2026-09-17 10:22:56.456679,Port Jesseville,Electronics,False,normal
TXN_000013,USER_0034,127.66,86.64,2026-09-19 01:56:56.456679,New Kellystad,Electronics,False,normal
TXN_000014,USER_0044,52.23,116.83500000000001,2026-09-16 22:24:56.456679,East Jessetown,Electronics,False,normal
TXN_000015,USER_0002,91.0,54.91,2026-09-09 22:26:56.456679,Lake Debra,Travel,False,normal
TXN_000016,USER_0045,44.76,91.56,2026-09-13 17:08:56.456679,New Jessica,Travel,False,normal
TXN_000017,USER_0048,146.84,110.19,2026-08-28 03:50:56.456679,Ramirezstad,Electronics,False,normal
TXN_000018,USER_0036,68.38,76.5,2026-09-12 15:31:56.456679,Ramirezstad,Travel,False,normal
TXN_000019,USER_0021,191.55,89.45,2026-09-11 19:05:56.456679,West Michael,Entertainment,False,normal
TXN_000020,USER_0035,74.09,65.595,2026-09-20 03:40:56.456679,Ericmouth,Utilities,False,normal
TXN_000021,USER_0031,42.49,98.35,2026-09-02 02:16:56.456679,Ericmouth,Utilities,False,normal
TXN_000022,USER_0020,48.85,113.99,2026-09-04 10:05:56.456679,North Noahstad,Electronics,False,normal
TXN_000023,USER_0045,367.24,91.56,2026-09-05 07:18:56.456679,Jacquelineland,Entertainment,True,velocity
TXN_000024,USER_0036,187.07,76.5,2026-09-03 07:42:56.456679,North Noahstad,Grocery,False,normal
TXN_000025,USER_0037,136.94,118.425,2026-09-08 03:44:56.456679,New Kellystad,Entertainment,False,normal
TXN_000026,USER_0050,161.9,112.51,2026-09-04 02:16:56.456679,East Jill,Entertainment,False,normal
TXN_000027,USER_0046,20.41,67.27,2026-09-11 00:12:56.456679,Ericmouth,Travel,False,normal
TXN_000028,USER_0014,44.4,103.65,2026-09-15 09:17:56.456679,Ericmouth,Utilities,False,normal
TXN_000029,USER_0045,57.97,91.56,2026-08-26 20:19:56.456679,New Jessica,Utilities,False,normal
TXN_000030,USER_0016,52.28,108.58,2026-09-15 01:03:56.456679,Lake Roberto,Electronics,False,normal
TXN_000031,USER_0004,24.54,102.875,2026-09-05 21:47:56.456679,Port Jesseville,Grocery,False,normal
TXN_000032,USER_0044,155.3,116.83500000000001,2026-08-22 02:40:56.456679,West Michael,Electronics,False,normal
TXN_000033,USER_0027,132.31,70.4,2026-09-12 12:36:56.456679,Port Jesseville,Electronics,False,normal
TXN_000034,USER_0049,192.96,102.53,2026-09-05 11:49:56.456679,North Noahstad,Grocery,False,normal
TXN_000035,USER_0050,22.44,112.51,2026-09-17 00:07:56.456679,Lake Roberto,Utilities,False,normal
TXN_000036,USER_0048,146.01,110.19,2026-08-23 13:45:56.456679,Robinsonshire,Travel,False,normal
TXN_000037,USER_0012,187.11,111.37,2026-08-23 12:42:56.456679,New Kellystad,Travel,False,normal
TXN_000038,USER_0012,187.64,111.37,2026-09-04 01:11:56.456679,East Jill,Grocery,False,normal
TXN_000039,USER_0020,115.75,113.99,2026-08-26 18:13:56.456679,Cassandraton,Entertainment,False,normal
TXN_000040,USER_0030,197.87,105.88,2026-09-15 14:26:56.456679,Ramirezstad,Travel,False,normal
TXN_000041,USER_0009,170.96,102.95,2026-09-12 04:13:56.456679,Ericmouth,Electronics,False,normal
TXN_000042,USER_0008,69.48,94.98,2026-09-11 18:16:56.456679,Ericmouth,Electronics,False,normal
TXN_000043,USER_0001,148.64,133.24,2026-09-04 07:15:56.456679,Jacquelineland,Electronics,False,normal
TXN_000044,USER_0012,124.14,111.37,2026-09-19 22:40:56.456679,New Kellystad,Travel,False,normal
TXN_000045,USER_0033,68.95,92.74,2026-09-09 02:50:56.456679,East Jessetown,Electronics,False,normal
TXN_000046,USER_0009,98.1,102.95,2026-09-02 03:57:56.456679,North Judithbury,Entertainment,False,normal
TXN_000047,USER_0025,50.93,84.71,2026-09-03 00:38:56.456679,Cassandraton,Entertainment,False,normal
TXN_000048,USER_0038,145.96,95.255,2026-08-22 09:30:56.456679,Ericmouth,Entertainment,False,normal
TXN_000049,USER_0045,487.75,91.56,2026-08-27 06:08:56.456679,Port Keith,Entertainment,True,spike
TXN_000050,USER_0011,84.06,110.18,2026-09-13 17:54:56.456679,North Noahstad,Grocery,False,normal
TXN_000051,USER_0041,852.95,110.68,2026-09-04 07:16:56.456679,Herrerafurt,Utilities,True,spike
TXN_000052,USER_0015,47.73,110.16,2026-08-27 22:54:56.456679,Port Jesseville,Electronics,False,normal
TXN_000053,USER_0030,150.81,105.88,2026-09-18 10:38:56.456679,Herrerafurt,Travel,False,normal
TXN_000054,USER_0045,112.1,91.56,2026-09-12 07:17:56.456679,West Michael,Electronics,False,normal
TXN_000055,USER_0049,53.26,102.53,2026-09-17 23:48:56.456679,New Roberttown,Utilities,False,normal
TXN_000056,USER_0029,107.99,103.25,2026-09-07 08:10:56.456679,New Roberttown,Utilities,False,normal
TXN_000057,USER_0008,17.04,94.98,2026-09-15 19:11:56.456679,Ramirezstad,Electronics,False,normal
TXN_000058,USER_0037,109.65,118.425,2026-08-29 08:44:56.456679,Cassandraton,Utilities,False,normal
TXN_000059,USER_0029,27.67,103.25,2026-08-31 05:22:56.456679,Jacquelineland,Travel,False,normal
TXN_000060,USER_0006,180.28,88.97,2026-09-11 03:36:56.456679,East Jill,Travel,False,normal
TXN_000061,USER_0009,105.08,102.95,2026-09-11 15:57:56.456679,Jacquelineland,Grocery,False,normal
TXN_000062,USER_0036,95.16,76.5,2026-09-04 21:37:56.456679,North Judithbury,Travel,False,normal
TXN_000063,USER_0017,164.21,74.68,2026-08-31 19:01:56.456679,Jacquelineland,Grocery,False,normal
TXN_000064,USER_0003,87.62,125.975,2026-08-24 18:39:56.456679,West Michael,Grocery,False,normal
TXN_000065,USER_0005,197.3,96.55,2026-09-12 08:38:56.456679,East Jill,Entertainment,False,normal
TXN_000066,USER_0027,40.1,70.4,2026-08-28 00:56:56.456679,Lake Chad,Entertainment,False,normal
TXN_000067,USER_0025,92.46,84.71,2026-09-08 01:20:56.456679,New Kellystad,Grocery,False,normal
TXN_000068,USER_0044,193.01,116.83500000000001,2026-09-15 10:04:56.456679,Lake Debra,Entertainment,False,normal
TXN_000069,USER_0008,39.8,94.98,2026-09-15 07:50:56.456679,New Kellystad,Utilities,False,normal
TXN_000070,USER_0009,146.93,102.95,2026-09-01 00:15:56.456679,North Judithbury,Grocery,False,normal
TXN_000071,USER_0020,95.29,113.99,2026-09-15 15:41:56.456679,Lake Chad,Utilities,False,normal
TXN_000072,USER_0025,165.56,84.71,2026-09-02 03:21:56.456679,Port Keith,Entertainment,False,normal
TXN_000073,USER_0010,58.75,84.95,2026-08-27 00:16:56.456679,East Jill,Travel,False,normal
TXN_000074,USER_0040,154.38,94.72,2026-08-22 14:06:56.456679,Lake Roberto,Electronics,False,normal
TXN_000075,USER_0005,24.67,96.55,2026-08-23 09:41:56.456679,Port Keith,Utilities,False,normal
TXN_000076,USER_0044,142.14,116.83500000000001,2026-08-24 02:11:56.456679,Lake Roberto,Grocery,False,normal
TXN_000077,USER_0026,90.6,120.42,2026-09-15 10:34:56.456679,Lisatown,Grocery,False,normal
TXN_000078,USER_0009,103.26,102.95,2026-09-04 00:58:56.456679,Lake Roberto,Utilities,False,normal
TXN_000079,USER_0021,117.61,89.45,2026-09-05 11:16:56.456679,Lake Roberto,Entertainment,False,normal
TXN_000080,USER_0010,197.21,84.95,2026-09-14 14:21:56.456679,Lake Roberto,Travel,False,normal
TXN_000081,USER_0020,58.66,113.99,2026-09-16 05:06:56.456679,Jacquelineland,Electronics,False,normal
TXN_000082,USER_0041,137.36,110.68,2026-09-16 04:09:56.456679,Port Jesseville,Grocery,False,normal
TXN_000083,USER_0023,188.61,103.93,2026-09-08 05:20:56.456679,Ramirezstad,Entertainment,False,normal
TXN_000084,USER_0045,86.18,91.56,2026-08-28 16:00:56.456679,North Noahstad,Travel,False,normal
TXN_000085,USER_0012,152.11,111.37,2026-09-12 10:13:56.456679,Lake Roberto,Electronics,False,normal
TXN_000086,USER_0020,172.22,113.99,2026-08-28 10:41:56.456679,Port Keith,Grocery,False,normal
TXN_000087,USER_0036,85.47,76.5,2026-09-09 19:57:56.456679,West Michael,Utilities,False,normal
TXN_000088,USER_0009,80.74,102.95,2026-09-02 11:32:56.456679,Lisatown,Entertainment,False,normal
TXN_000089,USER_0042,20.42,101.31,2026-09-11 08:18:56.456679,Herrerafurt,Grocery,False,normal
TXN_000090,USER_0035,146.29,65.595,2026-08-30 13:04:56.456679,East Jill,Entertainment,False,normal
TXN_000091,USER_0025,136.37,84.71,2026-09-18 07:34:56.456679,East Jill,Grocery,False,normal
TXN_000092,USER_0013,412.09,98.74000000000001,2026-09-17 14:48:56.456679,Port Keith,Electronics,True,velocity
TXN_000093,USER_0031,45.73,98.35,2026-09-06 00:42:56.456679,North Noahstad,Grocery,False,normal
TXN_000094,USER_0014,187.75,103.65,2026-08-27 05:09:56.456679,Port Jesseville,Electronics,False,normal
TXN_000095,USER_0045,122.86,91.56,2026-08-31 04:23:56.456679,New Kellystad,Electronics,False,normal
TXN_000096,USER_0036,67.71,76.5,2026-09-03 18:11:56.456679,New Kellystad,Travel,False,normal
TXN_000097,USER_0035,131.5,65.595,2026-09-04 21:53:56.456679,Ericmouth,Entertainment,False,normal
TXN_000098,USER_0033,177.15,92.74,2026-09-12 02:01:56.456679,East Jessetown,Travel,False,normal
TXN_000099,USER_0049,762.73,102.53,2026-08-31 02:53:56.456679,Herrerafurt,Entertainment,True,spike
TXN_000100,USER_0027,13.91,70.4,2026-08-31 22:42:56.456679,Lake Debra,Grocery,False,normal
TXN_000101,USER_0017,112.9,74.68,2026-09-17 10:56:56.456679,Jacquelineland,Travel,False,normal
TXN_000102,USER_0019,34.72,138.79000000000002,2026-09-05 21:19:56.456679,Lake Roberto,Travel,False,normal
TXN_000103,USER_0037,167.51,118.425,2026-09-13 14:23:56.456679,West Michael,Entertainment,False,normal
TXN_000104,USER_0017,153.86,74.68,2026-09-13 02:43:56.456679,Port Jesseville,Travel,False,normal
TXN_000105,USER_0011,147.89,110.18,2026-09-06 21:41:56.456679,Robinsonshire,Electronics,False,normal
TXN_000106,USER_0047,111.58,123.73,2026-08-30 06:02:56.456679,West Michael,Grocery,False,normal
TXN_000107,USER_0034,11.6,86.64,2026-08-25 06:12:56.456679,East Jill,Grocery,False,normal
TXN_000108,USER_0027,31.81,70.4,2026-09-19 13:54:56.456679,Lake Roberto,Grocery,False,normal
TXN_000109,USER_0046,34.45,67.27,2026-08-31 19:55:56.456679,Ramirezstad,Travel,False,normal
TXN_000110,USER_0024,16.79,88.98,2026-09-19 21:35:56.456679,New Jessica,Travel,False,normal
TXN_000111,USER_0043,100.13,87.56,2026-08-22 04:14:56.456679,West Michael,Utilities,False,normal
TXN_000112,USER_0027,7.31,70.4,2026-09-14 23:16:56.456679,Ericmouth,Utilities,False,normal
TXN_000113,USER_0019,8.34,138.79000000000002,2026-09-10 11:19:56.456679,Robinsonshire,Grocery,False,normal
TXN_000114,USER_0007,107.26,143.365,2026-09-01 20:13:56.456679,Lisatown,Utilities,False,normal
TXN_000115,USER_0034,54.22,86.64,2026-09-07 00:09:56.456679,Ericmouth,Travel,False,normal
TXN_000116,USER_0006,77.75,88.97,2026-09-09 08:30:56.456679,Port Keith,Utilities,False,normal
TXN_000117,USER_0016,198.1,108.58,2026-09-01 03:42:56.456679,North Noahstad,Grocery,False,normal
TXN_000118,USER_0042,198.38,101.31,2026-09-20 10:52:56.456679,East Jill,Grocery,False,normal
TXN_000119,USER_0026,78.96,120.42,2026-09-16 00:42:56.456679,Port Jesseville,Grocery,False,normal
TXN_000120,USER_0041,6.84,110.68,2026-08-29 16:12:56.456679,New Roberttown,Travel,False,normal
TXN_000121,USER_0028,130.76,121.3,2026-09-05 22:51:56.456679,Jacquelineland,Grocery,False,normal
TXN_000122,USER_0034,184.23,86.64,2026-09-01 07:58:56.456679,Lisatown,Utilities,False,normal
TXN_000123,USER_0031,57.86,98.35,2026-08-25 06:13:56.456679,Ericmouth,Utilities,False,normal
TXN_000124,USER_0037,133.33,118.425,2026-08-30 00:55:56.456679,Cassandraton,Grocery,False,normal
TXN_000125,USER_0014,314.17,103.65,2026-09-18 16:49:06.456679,Lake Roberto,Entertainment,True,velocity
TXN_000126,USER_0011,114.97,110.18,2026-09-16 15:59:56.456679,New Kellystad,Utilities,False,normal
TXN_000127,USER_0022,79.85,67.475,2026-08-28 05:52:56.456679,New Roberttown,Utilities,False,normal
TXN_000128,USER_0048,194.99,110.19,2026-08-24 07:40:56.456679,East Jessetown,Travel,False,normal
TXN_000129,USER_0015,168.54,110.16,2026-09-06 09:02:56.456679,New Jessica,Utilities,False,normal
TXN_000130,USER_0039,82.36,106.285,2026-09-05 17:30:56.456679,North Judithbury,Entertainment,False,normal
TXN_000131,USER_0029,100.67,103.25,2026-09-07 01:39:56.456679,West Michael,Travel,False,normal
TXN_000132,USER_0028,41.22,121.3,2026-09-17 12:56:56.456679,New Kellystad,Grocery,False,normal
TXN_000133,USER_0050,125.63,112.51,2026-09-02 02:12:56.456679,New Roberttown,Grocery,False,normal
TXN_000134,USER_0018,35.07,112.74,2026-09-19 17:24:56.456679,Lake Debra,Travel,False,normal
TXN_000135,USER_0021,75.34,89.45,2026-08-26 00:58:56.456679,North Judithbury,Entertainment,False,normal
TXN_000136,USER_0029,75.18,103.25,2026-09-03 03:40:56.456679,East Jessetown,Electronics,False,normal
TXN_000137,USER_0006,41.54,88.97,2026-09-11 07:16:56.456679,West Michael,Utilities,False,normal
TXN_000138,USER_0033,84.57,92.74,2026-08-23 01:42:56.456679,New Roberttown,Entertainment,False,normal
TXN_000139,USER_0036,23.15,76.5,2026-09-18 02:14:56.456679,Cassandraton,Travel,False,normal
TXN_000140,USER_0001,61.91,133.24,2026-09-08 12:35:56.456679,New Roberttown,Utilities,False,normal
TXN_000141,USER_0016,116.53,108.58,2026-08-29 14:14:56.456679,New Kellystad,Electronics,False,normal
TXN_000142,USER_0009,57.44,102.95,2026-09-03 02:11:56.456679,Port Jesseville,Electronics,False,normal
TXN_000143,USER_0005,37.61,96.55,2026-09-03 10:26:56.456679,Lake Chad,Entertainment,False,normal
TXN_000144,USER_0031,402.2,98.35,2026-08-26 07:27:37.456679,New Jessica,Electronics,True,velocity
TXN_000145,USER_0047,126.88,123.73,2026-09-17 21:36:56.456679,New Jessica,Electronics,False,normal
TXN_000146,USER_0030,25.86,105.88,2026-09-04 17:47:56.456679,North Judithbury,Travel,False,normal
TXN_000147,USER_0022,169.11,67.475,2026-09-08 03:57:56.456679,Cassandraton,Travel,False,normal
TXN_000148,USER_0022,88.97,67.475,2026-09-20 12:07:56.456679,New Jessica,Electronics,False,normal
TXN_000149,USER_0020,67.53,113.99,2026-08-31 00:24:56.456679,Port Jesseville,Entertainment,False,normal
TXN_000150,USER_0012,193.09,111.37,2026-09-05 09:36:56.456679,North Noahstad,Travel,False,normal
TXN_000151,USER_0037,157.49,118.425,2026-09-05 16:58:56.456679,New Kellystad,Entertainment,False,normal
TXN_000152,USER_0026,76.18,120.42,2026-09-16 12:53:56.456679,Lisatown,Utilities,False,normal
TXN_000153,USER_0035,40.09,65.595,2026-09-15 21:52:56.456679,North Judithbury,Travel,False,normal
TXN_000154,USER_0046,45.88,67.27,2026-09-04 03:13:56.456679,New Roberttown,Travel,False,normal
TXN_000155,USER_0044,102.36,116.83500000000001,2026-09-19 16:47:56.456679,North Noahstad,Electronics,False,normal
TXN_000156,USER_0017,133.44,74.68,2026-09-10 03:11:56.456679,New Kellystad,Grocery,False,normal
TXN_000157,USER_0029,198.19,103.25,2026-09-12 16:28:56.456679,Jacquelineland,Travel,False,normal
TXN_000158,USER_0035,103.79,65.595,2026-09-09 21:54:56.456679,West Michael,Grocery,False,normal
TXN_000159,USER_0024,141.82,88.98,2026-09-15 07:27:56.456679,New Jessica,Grocery,False,normal
TXN_000160,USER_0007,154.95,143.365,2026-09-20 19:17:56.456679,Herrerafurt,Electronics,False,normal
TXN_000161,USER_0042,124.47,101.31,2026-09-16 12:12:56.456679,New Kellystad,Entertainment,False,normal
TXN_000162,USER_0028,25.66,121.3,2026-08-26 08:43:56.456679,Ericmouth,Electronics,False,normal
TXN_000163,USER_0033,386.08,92.74,2026-09-16 06:29:56.456679,New Jessica,Utilities,True,velocity
TXN_000164,USER_0015,91.93,110.16,2026-09-08 16:14:56.456679,Port Keith,Utilities,False,normal
TXN_000165,USER_0045,102.59,91.56,2026-09-06 13:48:56.456679,North Judithbury,Travel,False,normal
TXN_000166,USER_0007,62.61,143.365,2026-08-25 18:47:56.456679,East Jessetown,Electronics,False,normal
TXN_000167,USER_0023,65.82,103.93,2026-09-11 14:21:56.456679,Lisatown,Utilities,False,normal
TXN_000168,USER_0031,72.92,98.35,2026-08-26 07:38:56.456679,Port Keith,Travel,False,normal
TXN_000169,USER_0021,18.1,89.45,2026-08-23 21:49:56.456679,East Jessetown,Grocery,False,normal
TXN_000170,USER_0022,131.35,67.475,2026-08-29 08:32:56.456679,Lake Roberto,Utilities,False,normal
TXN_000171,USER_0012,112.62,111.37,2026-09-05 22:32:56.456679,West Michael,Travel,False,normal
TXN_000172,USER_0030,50.21,105.88,2026-09-09 07:26:56.456679,Robinsonshire,Electronics,False,normal
TXN_000173,USER_0041,133.18,110.68,2026-09-08 21:05:56.456679,North Judithbury,Utilities,False,normal
TXN_000174,USER_0013,92.67,98.74000000000001,2026-09-10 10:12:56.456679,New Kellystad,Grocery,False,normal
TXN_000175,USER_0046,46.89,67.27,2026-09-03 13:02:56.456679,New Roberttown,Utilities,False,normal
TXN_000176,USER_0007,160.9,143.365,2026-09-15 07:26:56.456679,Robinsonshire,Entertainment,False,normal
TXN_000177,USER_0021,43.43,89.45,2026-08-27 01:29:56.456679,Ericmouth,Travel,False,normal
TXN_000178,USER_0034,193.35,86.64,2026-09-05 03:20:56.456679,New Jessica,Travel,False,normal
TXN_000179,USER_0040,81.55,94.72,2026-08-27 01:47:56.456679,Herrerafurt,Entertainment,False,normal
TXN_000180,USER_0030,125.39,105.88,2026-09-04 09:54:56.456679,New Jessica,Utilities,False,normal
TXN_000181,USER_0006,136.06,88.97,2026-09-05 03:05:56.456679,East Jessetown,Electronics,False,normal
TXN_000182,USER_0020,27.81,113.99,2026-09-07 20:45:56.456679,Lake Debra,Utilities,False,normal
TXN_000183,USER_0025,86.56,84.71,2026-08-28 03:36:56.456679,Jacquelineland,Travel,False,normal
TXN_000184,USER_0028,41.22,121.3,2026-09-19 19:09:56.456679,West Michael,Electronics,False,normal
TXN_000185,USER_0036,37.54,76.5,2026-09-04 00:30:56.456679,Lake Debra,Electronics,False,normal
TXN_000186,USER_0021,169.19,89.45,2026-09-19 01:34:56.456679,East Jill,Entertainment,False,normal
TXN_000187,USER_0001,99.5,133.24,2026-08-30 18:08:56.456679,New Kellystad,Utilities,False,normal
TXN_000188,USER_0033,132.35,92.74,2026-09-09 11:54:56.456679,Port Jesseville,Travel,False,normal
TXN_000189,USER_0046,168.78,67.27,2026-09-13 02:48:56.456679,Robinsonshire,Grocery,False,normal
TXN_000190,USER_0037,11.02,118.425,2026-08-31 21:53:56.456679,North Noahstad,Grocery,False,normal
TXN_000191,USER_0018,48.84,112.74,2026-09-04 00:19:56.456679,Robinsonshire,Travel,False,normal
TXN_000192,USER_0037,149.79,118.425,2026-09-13 10:01:56.456679,West Michael,Utilities,False,normal
TXN_000193,USER_0008,116.68,94.98,2026-09-03 01:37:56.456679,West Michael,Entertainment,False,normal
TXN_000194,USER_0035,420.17,65.595,2026-09-09 17:16:43.456679,New Jessica,Utilities,True,velocity
TXN_000195,USER_0014,198.01,103.65,2026-08-26 12:52:56.456679,Lake Roberto,Entertainment,False,normal
TXN_000196,USER_0003,92.7,125.975,2026-09-06 17:45:56.456679,New Roberttown,Travel,False,normal
TXN_000197,USER_0008,156.25,94.98,2026-09-01 15:49:56.456679,Lisatown,Utilities,False,normal
TXN_000198,USER_0045,73.37,91.56,2026-09-18 15:35:56.456679,Lake Chad,Electronics,False,normal
TXN_000199,USER_0040,32.15,94.72,2026-08-31 06:42:56.456679,Lisatown,Grocery,False,normal
TXN_000200,USER_0037,73.41,118.425,2026-09-03 16:02:56.456679,New Jessica,Utilities,False,normal
TXN_000201,USER_0011,68.11,110.18,2026-09-04 04:39:56.456679,North Noahstad,Utilities,False,normal
TXN_000202,USER_0018,190.72,112.74,2026-09-14 06:53:56.456679,East Jessetown,Electronics,False,normal
TXN_000203,USER_0049,158.21,102.53,2026-08-24 13:46:56.456679,Ericmouth,Electronics,False,normal
TXN_000204,USER_0045,173.89,91.56,2026-09-02 05:43:56.456679,Lake Debra,Entertainment,False,normal
TXN_000205,USER_0016,153.49,108.58,2026-09-08 17:57:56.456679,Port Jesseville,Electronics,False,normal
TXN_000206,USER_0037,128.32,118.425,2026-09-19 10:45:56.456679,Lake Chad,Travel,False,normal
TXN_000207,USER_0029,19.73,103.25,2026-08-26 02:42:56.456679,New Kellystad,Utilities,False,normal
TXN_000208,USER_0048,59.25,110.19,2026-09-07 16:08:56.456679,Port Keith,Travel,False,normal
TXN_000209,USER_0021,118.48,89.45,2026-08-26 02:45:56.456679,Port Keith,Entertainment,False,normal
TXN_000210,USER_0005,160.16,96.55,2026-09-08 23:25:56.456679,Lisatown,Travel,False,normal
TXN_000211,USER_0014,101.47,103.65,2026-09-05 13:40:56.456679,North Noahstad,Entertainment,False,normal
TXN_000212,USER_0036,117.7,76.5,2026-09-16 15:23:56.456679,Port Jesseville,Entertainment,False,normal
TXN_000213,USER_0044,153.64,116.83500000000001,2026-08-23 23:11:56.456679,East Jessetown,Travel,False,normal
TXN_000214,USER_0002,29.23,54.91,2026-08-29 01:34:56.456679,Port Keith,Travel,False,normal
TXN_000215,USER_0001,198.41,133.24,2026-09-10 08:17:56.456679,Lisatown,Electronics,False,normal
TXN_000216,USER_0042,63.86,101.31,2026-09-03 08:19:56.456679,New Roberttown,Entertainment,False,normal
TXN_000217,USER_0017,21.07,74.68,2026-09-20 09:48:56.456679,Robinsonshire,Grocery,False,normal
TXN_000218,USER_0026,126.99,120.42,2026-09-01 12:45:56.456679,Lake Chad,Grocery,False,normal
TXN_000219,USER_0046,23.56,67.27,2026-08-31 14:07:56.456679,Port Jesseville,Grocery,False,normal
TXN_000220,USER_0009,677.19,102.95,2026-09-14 12:23:56.456679,Port Keith,Grocery,True,spike
TXN_000221,USER_0001,140.64,133.24,2026-08-27 08:44:56.456679,Lake Chad,Electronics,False,normal
TXN_000222,USER_0031,18.81,98.35,2026-09-08 07:25:56.456679,New Roberttown,Grocery,False,normal
TXN_000223,USER_0007,66.1,143.365,2026-09-04 11:52:56.456679,Lake Debra,Travel,False,normal
TXN_000224,USER_0050,163.61,112.51,2026-08-27 22:26:56.456679,Lake Debra,Grocery,False,normal
TXN_000225,USER_0034,114.84,86.64,2026-09-18 15:38:56.456679,Robinsonshire,Travel,False,normal
TXN_000226,USER_0023,145.87,103.93,2026-09-19 11:02:56.456679,Lake Debra,Travel,False,normal
TXN_000227,USER_0040,138.88,94.72,2026-08-31 18:18:56.456679,New Roberttown,Grocery,False,normal
TXN_000228,USER_0009,151.73,102.95,2026-09-17 16:59:56.456679,New Kellystad,Entertainment,False,normal
TXN_000229,USER_0028,66.33,121.3,2026-08-28 05:44:56.456679,Lake Roberto,Entertainment,False,normal
TXN_000230,USER_0042,21.43,101.31,2026-09-16 01:28:56.456679,New Jessica,Utilities,False,normal
TXN_000231,USER_0047,123.48,123.73,2026-08-23 02:18:56.456679,North Noahstad,Electronics,False,normal
TXN_000232,USER_0034,123.35,86.64,2026-08-30 11:04:56.456679,New Kellystad,Entertainment,False,normal
TXN_000233,USER_0042,15.64,101.31,2026-09-01 18:26:56.456679,Port Jesseville,Travel,False,normal
TXN_000234,USER_0008,52.01,94.98,2026-09-19 21:58:56.456679,New Jessica,Grocery,False,normal
TXN_000235,USER_0034,178.3,86.64,2026-08-22 10:11:56.456679,Herrerafurt,Entertainment,False,normal
TXN_000236,USER_0009,80.43,102.95,2026-09-16 17:50:56.456679,Lake Chad,Entertainment,False,normal
TXN_000237,USER_0035,138.17,65.595,2026-09-12 07:29:56.456679,New Roberttown,Grocery,False,normal
TXN_000238,USER_0038,18.17,95.255,2026-09-02 19:23:56.456679,Lisatown,Grocery,False,normal
TXN_000239,USER_0004,189.99,102.875,2026-09-08 23:42:56.456679,Ramirezstad,Entertainment,False,normal
TXN_000240,USER_0041,143.96,110.68,2026-09-09 18:46:56.456679,Lake Chad,Travel,False,normal
TXN_000241,USER_0006,129.9,88.97,2026-09-15 08:16:56.456679,New Jessica,Electronics,False,normal
TXN_000242,USER_0018,21.3,112.74,2026-08-25 11:19:56.456679,Ramirezstad,Electronics,False,normal
TXN_000243,USER_0010,109.6,84.95,2026-09-08 15:47:56.456679,Jacquelineland,Grocery,False,normal
TXN_000244,USER_0020,141.24,113.99,2026-09-01 17:40:56.456679,East Jill,Electronics,False,normal
TXN_000245,USER_0006,185.3,88.97,2026-08-27 03:42:56.456679,Port Keith,Utilities,False,normal
TXN_000246,USER_0039,498.75,106.285,2026-09-20 19:47:56.456679,Robinsonshire,Grocery,True,spike
TXN_000247,USER_0001,368.56,133.24,2026-09-17 14:49:36.456679,Ericmouth,Travel,True,velocity
TXN_000248,USER_0023,106.99,103.93,2026-09-02 16:11:56.456679,Robinsonshire,Entertainment,False,normal
TXN_000249,USER_0009,151.21,102.95,2026-09-03 02:34:56.456679,East Jessetown,Grocery,False,normal
TXN_000250,USER_0022,162.39,67.475,2026-09-03 06:05:56.456679,Ramirezstad,Grocery,False,normal
TXN_000251,USER_0017,143.9,74.68,2026-09-17 02:52:56.456679,New Roberttown,Travel,False,normal
TXN_000252,USER_0030,104.6,105.88,2026-08-24 09:34:56.456679,Port Jesseville,Utilities,False,normal
TXN_000253,USER_0011,215.46,110.18,2026-09-02 11:40:56.456679,Cassandraton,Utilities,True,velocity
TXN_000254,USER_0044,375.25,116.83500000000001,2026-09-02 11:41:21.456679,Port Keith,Grocery,True,velocity
TXN_000255,USER_0003,172.44,125.975,2026-08-22 10:26:56.456679,Lake Roberto,Grocery,False,normal
TXN_000256,USER_0031,75.98,98.35,2026-08-28 16:56:56.456679,Robinsonshire,Grocery,False,normal
TXN_000257,USER_0036,161.61,76.5,2026-09-20 17:13:56.456679,Lake Chad,Electronics,False,normal
TXN_000258,USER_0021,53.41,89.45,2026-09-05 10:28:56.456679,Ericmouth,Grocery,False,normal
TXN_000259,USER_0037,77.7,118.425,2026-09-13 17:22:56.456679,East Jill,Electronics,False,normal
TXN_000260,USER_0015,161.85,110.16,2026-08-23 23:10:56.456679,New Kellystad,Grocery,False,normal
TXN_000261,USER_0030,173.88,105.88,2026-09-05 00:22:56.456679,Cassandraton,Grocery,False,normal
TXN_000262,USER_0036,94.07,76.5,2026-09-07 15:58:56.456679,Lisatown,Entertainment,False,normal
TXN_000263,USER_0037,157.98,118.425,2026-09-19 05:11:56.456679,Lake Roberto,Travel,False,normal
TXN_000264,USER_0024,120.38,88.98,2026-09-13 07:53:56.456679,Lisatown,Utilities,False,normal
TXN_000265,USER_0049,160.21,102.53,2026-08-28 17:28:56.456679,North Judithbury,Travel,False,normal
TXN_000266,USER_0002,50.43,54.91,2026-09-06 15:24:56.456679,North Judithbury,Entertainment,False,normal
TXN_000267,USER_0001,152.99,133.24,2026-09-08 00:00:56.456679,North Noahstad,Grocery,False,normal
TXN_000268,USER_0014,108.31,103.65,2026-09-01 17:09:56.456679,Lake Chad,Travel,False,normal
TXN_000269,USER_0004,194.65,102.875,2026-08-28 08:31:56.456679,Ericmouth,Grocery,False,normal
TXN_000270,USER_0003,184.65,125.975,2026-09-14 12:43:56.456679,Lake Chad,Entertainment,False,normal
TXN_000271,USER_0030,195.04,105.88,2026-08-25 17:45:56.456679,Jacquelineland,Grocery,False,normal
TXN_000272,USER_0033,31.04,92.74,2026-09-08 19:45:56.456679,New Roberttown,Utilities,False,normal
TXN_000273,USER_0037,558.73,118.425,2026-08-27 19:47:56.456679,Lake Roberto,Entertainment,True,spike
TXN_000274,USER_0017,170.93,74.68,2026-09-08 18:13:56.456679,Cassandraton,Entertainment,False,normal
TXN_000275,USER_0029,58.03,103.25,2026-08-25 06:35:56.456679,Lisatown,Electronics,False,normal
TXN_000276,USER_0050,155.18,112.51,2026-08-26 20:02:56.456679,Lake Debra,Grocery,False,normal
TXN_000277,USER_0011,92.67,110.18,2026-09-05 04:01:56.456679,Lake Chad,Grocery,False,normal
TXN_000278,USER_0035,74.87,65.595,2026-08-31 07:48:56.456679,Port Keith,Entertainment,False,normal
TXN_000279,USER_0030,56.68,105.88,2026-08-27 07:59:56.456679,New Roberttown,Electronics,False,normal
TXN_000280,USER_0044,64.32,116.83500000000001,2026-09-18 07:59:56.456679,East Jill,Electronics,False,normal
TXN_000281,USER_0021,33.92,89.45,2026-09-02 04:08:56.456679,Herrerafurt,Travel,False,normal
TXN_000282,USER_0033,14.55,92.74,2026-09-04 11:25:56.456679,Ericmouth,Electronics,False,normal
TXN_000283,USER_0002,190.66,54.91,2026-09-11 10:56:56.456679,West Michael,Utilities,False,normal
TXN_000284,USER_0016,23.47,108.58,2026-08-26 12:19:56.456679,Lake Debra,Grocery,False,normal
TXN_000285,USER_0001,17.03,133.24,2026-08-31 23:48:56.456679,Lake Debra,Electronics,False,normal
TXN_000286,USER_0026,77.59,120.42,2026-09-19 13:28:56.456679,New Roberttown,Utilities,False,normal
TXN_000287,USER_0038,55.47,95.255,2026-08-25 06:55:56.456679,North Judithbury,Grocery,False,normal
TXN_000288,USER_0013,756.22,98.74000000000001,2026-09-11 01:21:56.456679,Lake Debra,Grocery,True,spike
TXN_000289,USER_0022,28.89,67.475,2026-09-11 20:32:56.456679,East Jill,Electronics,False,normal
TXN_000290,USER_0037,89.47,118.425,2026-09-08 20:27:56.456679,Port Jesseville,Grocery,False,normal
TXN_000291,USER_0025,138.23,84.71,2026-08-29 17:46:56.456679,Herrerafurt,Electronics,False,normal
TXN_000292,USER_0012,58.62,111.37,2026-09-11 04:10:56.456679,Lake Debra,Grocery,False,normal
TXN_000293,USER_0040,125.74,94.72,2026-09-02 01:28:56.456679,North Noahstad,Travel,False,normal
TXN_000294,USER_0027,177.14,70.4,2026-09-12 16:14:56.456679,East Jill,Grocery,False,normal
TXN_000295,USER_0018,79.69,112.74,2026-09-09 22:55:56.456679,Lisatown,Utilities,False,normal
TXN_000296,USER_0016,128.0,108.58,2026-09-15 14:50:56.456679,North Judithbury,Travel,False,normal
TXN_000297,USER_0046,387.27,67.27,2026-09-15 15:46:56.456679,Port Jesseville,Entertainment,True,spike
TXN_000298,USER_0037,102.97,118.425,2026-09-08 13:13:56.456679,Ericmouth,Electronics,False,normal
TXN_000299,USER_0002,67.18,54.91,2026-08-31 20:14:56.456679,North Judithbury,Entertainment,False,normal
TXN_000300,USER_0004,162.69,102.875,2026-09-12 08:13:56.456679,Ramirezstad,Entertainment,False,normal
TXN_000301,USER_0050,118.88,112.51,2026-09-01 11:15:56.456679,Robinsonshire,Grocery,False,normal
TXN_000302,USER_0016,133.09,108.58,2026-09-03 00:08:56.456679,West Michael,Grocery,False,normal
TXN_000303,USER_0049,199.3,102.53,2026-08-31 20:40:56.456679,Jacquelineland,Travel,False,normal
TXN_000304,USER_0023,187.37,103.93,2026-08-29 18:45:56.456679,Robinsonshire,Electronics,False,normal
TXN_000305,USER_0038,67.01,95.255,2026-09-07 04:54:56.456679,Jacquelineland,Grocery,False,normal
TXN_000306,USER_0046,141.61,67.27,2026-09-16 17:02:56.456679,Jacquelineland,Electronics,False,normal
TXN_000307,USER_0037,189.93,118.425,2026-09-13 06:39:56.456679,West Michael,Entertainment,False,normal
TXN_000308,USER_0012,100.64,111.37,2026-08-25 23:36:56.456679,East Jill,Electronics,False,normal
TXN_000309,USER_0039,47.67,106.285,2026-09-14 20:02:56.456679,Port Jesseville,Grocery,False,normal
TXN_000310,USER_0022,183.99,67.475,2026-08-31 01:04:56.456679,Lake Debra,Entertainment,False,normal
TXN_000311,USER_0046,39.6,67.27,2026-09-05 14:27:56.456679,East Jill,Grocery,False,normal
TXN_000312,USER_0010,119.39,84.95,2026-08-28 07:44:56.456679,East Jessetown,Utilities,False,normal
TXN_000313,USER_0024,192.31,88.98,2026-09-07 21:04:56.456679,New Kellystad,Utilities,False,normal
TXN_000314,USER_0007,70.63,143.365,2026-09-05 13:23:56.456679,Lake Debra,Electronics,False,normal
TXN_000315,USER_0047,967.62,123.73,2026-09-19 23:15:56.456679,Port Jesseville,Entertainment,True,spike
TXN_000316,USER_0012,142.9,111.37,2026-09-16 10:50:56.456679,New Jessica,Entertainment,False,normal
TXN_000317,USER_0015,134.78,110.16,2026-08-29 20:32:56.456679,New Kellystad,Entertainment,False,normal
TXN_000318,USER_0047,139.26,123.73,2026-08-27 16:06:56.456679,Robinsonshire,Grocery,False,normal
TXN_000319,USER_0045,190.0,91.56,2026-09-08 16:44:56.456679,Jacquelineland,Grocery,False,normal
TXN_000320,USER_0012,321.07,111.37,2026-09-18 16:48:56.456679,Lake Chad,Utilities,True,velocity
TXN_000321,USER_0007,187.65,143.365,2026-08-28 06:38:56.456679,Cassandraton,Grocery,False,normal
TXN_000322,USER_0016,72.63,108.58,2026-09-05 10:00:56.456679,Robinsonshire,Grocery,False,normal
TXN_000323,USER_0046,135.65,67.27,2026-09-06 03:44:56.456679,Port Keith,Grocery,False,normal
TXN_000324,USER_0017,45.89,74.68,2026-08-24 23:03:56.456679,Herrerafurt,Entertainment,False,normal
TXN_000325,USER_0007,145.48,143.365,2026-08-24 01:36:56.456679,New Kellystad,Travel,False,normal
TXN_000326,USER_0047,738.52,123.73,2026-08-29 10:42:56.456679,Lake Chad,Travel,True,spike
TXN_000327,USER_0025,73.49,84.71,2026-09-07 22:59:56.456679,East Jessetown,Travel,False,normal
TXN_000328,USER_0037,131.94,118.425,2026-09-01 03:24:56.456679,Robinsonshire,Travel,False,normal
TXN_000329,USER_0005,160.84,96.55,2026-08-23 09:30:56.456679,North Noahstad,Grocery,False,normal
TXN_000330,USER_0021,55.92,89.45,2026-08-26 15:24:56.456679,New Roberttown,Entertainment,False,normal
TXN_000331,USER_0011,178.15,110.18,2026-08-29 04:46:56.456679,New Roberttown,Utilities,False,normal
TXN_000332,USER_0006,70.9,88.97,2026-09-18 19:16:56.456679,Port Jesseville,Grocery,False,normal
TXN_000333,USER_0028,188.78,121.3,2026-08-29 09:14:56.456679,New Jessica,Travel,False,normal
TXN_000334,USER_0011,15.44,110.18,2026-09-05 22:39:56.456679,Lisatown,Electronics,False,normal
TXN_000335,USER_0027,488.59,70.4,2026-09-15 10:58:56.456679,Ericmouth,Entertainment,True,spike
TXN_000336,USER_0020,51.32,113.99,2026-08-24 03:13:56.456679,New Kellystad,Utilities,False,normal
TXN_000337,USER_0036,168.77,76.5,2026-08-28 20:46:56.456679,East Jill,Entertainment,False,normal
TXN_000338,USER_0001,88.38,133.24,2026-09-04 06:44:56.456679,New Jessica,Travel,False,normal
TXN_000339,USER_0013,23.91,98.74000000000001,2026-08-31 07:03:56.456679,Robinsonshire,Entertainment,False,normal
TXN_000340,USER_0006,97.35,88.97,2026-08-27 03:10:56.456679,North Noahstad,Travel,False,normal
TXN_000341,USER_0031,100.37,98.35,2026-09-02 22:28:56.456679,New Roberttown,Utilities,False,normal
TXN_000342,USER_0025,41.05,84.71,2026-09-08 05:39:56.456679,Herrerafurt,Electronics,False,normal
TXN_000343,USER_0029,13.7,103.25,2026-09-10 21:19:56.456679,Port Keith,Entertainment,False,normal
TXN_000344,USER_0015,168.23,110.16,2026-09-16 13:19:56.456679,East Jill,Electronics,False,normal
TXN_000345,USER_0049,140.81,102.53,2026-08-26 06:38:56.456679,New Roberttown,Entertainment,False,normal
TXN_000346,USER_0035,85.73,65.595,2026-09-17 17:09:56.456679,Lake Roberto,Utilities,False,normal
TXN_000347,USER_0004,168.96,102.875,2026-09-14 15:48:56.456679,Lake Chad,Utilities,False,normal
TXN_000348,USER_0044,174.04,116.83500000000001,2026-09-12 11:39:56.456679,Jacquelineland,Electronics,False,normal
TXN_000349,USER_0031,63.28,98.35,2026-09-08 20:14:56.456679,East Jill,Utilities,False,normal
TXN_000350,USER_0037,180.59,118.425,2026-09-16 21:13:56.456679,New Jessica,Electronics,False,normal
TXN_000351,USER_0008,190.1,94.98,2026-09-11 07:29:56.456679,Robinsonshire,Electronics,False,normal
TXN_000352,USER_0014,162.65,103.65,2026-08-27 14:50:56.456679,East Jill,Travel,False,normal
TXN_000353,USER_0006,197.71,88.97,2026-09-10 16:34:56.456679,Lisatown,Electronics,False,normal
TXN_000354,USER_0039,55.29,106.285,2026-08-24 22:12:56.456679,New Roberttown,Travel,False,normal
TXN_000355,USER_0036,82.48,76.5,2026-09-05 17:14:56.456679,Ericmouth,Utilities,False,normal
TXN_000356,USER_0030,183.85,105.88,2026-08-22 10:31:56.456679,New Jessica,Utilities,False,normal
TXN_000357,USER_0034,157.43,86.64,2026-08-26 23:55:56.456679,Lake Chad,Electronics,False,normal
TXN_000358,USER_0010,115.49,84.95,2026-09-17 09:27:56.456679,East Jessetown,Grocery,False,normal
TXN_000359,USER_0037,157.01,118.425,2026-09-03 21:30:56.456679,West Michael,Entertainment,False,normal
TXN_000360,USER_0027,56.51,70.4,2026-09-20 16:13:56.456679,Port Jesseville,Utilities,False,normal
TXN_000361,USER_0039,654.25,106.285,2026-08-29 17:06:56.456679,Ericmouth,Travel,True,spike
TXN_000362,USER_0010,125.56,84.95,2026-09-09 03:48:56.456679,East Jill,Travel,False,normal
TXN_000363,USER_0022,139.65,67.475,2026-08-24 02:51:56.456679,Port Jesseville,Entertainment,False,normal
TXN_000364,USER_0024,8.95,88.98,2026-09-04 16:02:56.456679,North Noahstad,Entertainment,False,normal
TXN_000365,USER_0032,172.36,92.39,2026-08-26 08:17:56.456679,Lake Roberto,Electronics,False,normal
TXN_000366,USER_0020,194.97,113.99,2026-09-11 01:00:56.456679,Cassandraton,Entertainment,False,normal
TXN_000367,USER_0047,86.27,123.73,2026-09-20 06:08:56.456679,New Roberttown,Electronics,False,normal
TXN_000368,USER_0029,46.22,103.25,2026-09-09 09:45:56.456679,Port Jesseville,Utilities,False,normal
TXN_000369,USER_0024,165.1,88.98,2026-09-14 07:49:56.456679,Robinsonshire,Grocery,False,normal
TXN_000370,USER_0020,143.37,113.99,2026-09-09 05:37:56.456679,Lake Debra,Utilities,False,normal
TXN_000371,USER_0037,10.64,118.425,2026-08-30 15:33:56.456679,Lisatown,Grocery,False,normal
TXN_000372,USER_0016,11.45,108.58,2026-08-24 04:14:56.456679,Herrerafurt,Electronics,False,normal
TXN_000373,USER_0018,76.83,112.74,2026-09-12 00:04:56.456679,Ramirezstad,Travel,False,normal
TXN_000374,USER_0041,185.0,110.68,2026-08-23 06:23:56.456679,Lake Roberto,Entertainment,False,normal
TXN_000375,USER_0032,120.84,92.39,2026-08-29 22:59:56.456679,Port Jesseville,Utilities,False,normal
TXN_000376,USER_0036,73.2,76.5,2026-08-29 07:37:56.456679,Ericmouth,Grocery,False,normal
TXN_000377,USER_0019,10.35,138.79000000000002,2026-08-24 03:14:56.456679,Robinsonshire,Utilities,False,normal
TXN_000378,USER_0050,193.16,112.51,2026-08-31 22:47:56.456679,Lake Roberto,Electronics,False,normal
TXN_000379,USER_0018,132.06,112.74,2026-09-14 05:39:56.456679,North Judithbury,Grocery,False,normal
TXN_000380,USER_0031,182.75,98.35,2026-09-20 08:07:56.456679,Robinsonshire,Utilities,False,normal
TXN_000381,USER_0001,48.64,133.24,2026-09-18 13:29:56.456679,North Noahstad,Entertainment,False,normal
TXN_000382,USER_0028,179.62,121.3,2026-09-06 17:54:56.456679,Port Keith,Entertainment,False,normal
TXN_000383,USER_0014,96.01,103.65,2026-09-14 13:41:56.456679,New Jessica,Travel,False,normal
TXN_000384,USER_0038,24.95,95.255,2026-09-14 03:43:56.456679,Herrerafurt,Utilities,False,normal
TXN_000385,USER_0042,120.79,101.31,2026-09-03 17:46:56.456679,North Noahstad,Grocery,False,normal
TXN_000386,USER_0031,17.45,98.35,2026-09-03 11:00:56.456679,Cassandraton,Entertainment,False,normal
TXN_000387,USER_0017,132.94,74.68,2026-09-20 12:35:56.456679,North Noahstad,Electronics,False,normal
TXN_000388,USER_0010,105.87,84.95,2026-09-01 19:29:56.456679,East Jill,Utilities,False,normal
TXN_000389,USER_0026,133.8,120.42,2026-08-28 05:51:56.456679,North Judithbury,Travel,False,normal
TXN_000390,USER_0019,55.59,138.79000000000002,2026-09-09 22:12:56.456679,New Kellystad,Travel,False,normal
TXN_000391,USER_0048,11.89,110.19,2026-09-16 21:50:56.456679,Lisatown,Entertainment,False,normal
TXN_000392,USER_0047,144.11,123.73,2026-09-15 04:58:56.456679,Port Jesseville,Entertainment,False,normal
TXN_000393,USER_0033,185.09,92.74,2026-09-16 06:30:56.456679,Robinsonshire,Electronics,True,velocity
TXN_000394,USER_0019,24.03,138.79000000000002,2026-08-27 16:45:56.456679,Ericmouth,Utilities,False,normal
TXN_000395,USER_0049,182.96,102.53,2026-09-06 03:37:56.456679,New Roberttown,Electronics,False,normal
TXN_000396,USER_0023,48.55,103.93,2026-09-04 20:26:56.456679,Lake Chad,Entertainment,False,normal
TXN_000397,USER_0024,55.81,88.98,2026-09-04 06:11:56.456679,Port Keith,Grocery,False,normal
TXN_000398,USER_0031,15.47,98.35,2026-09-19 17:56:56.456679,Jacquelineland,Utilities,False,normal
TXN_000399,USER_0040,18.89,94.72,2026-08-30 17:30:56.456679,Ramirezstad,Grocery,False,normal
TXN_000400,USER_0044,79.43,116.83500000000001,2026-09-04 10:54:56.456679,Lake Chad,Grocery,False,normal
TXN_000401,USER_0010,31.79,84.95,2026-08-30 23:47:56.456679,Cassandraton,Travel,False,normal
TXN_000402,USER_0037,451.78,118.425,2026-09-11 16:48:56.456679,Lake Debra,Entertainment,True,velocity
TXN_000403,USER_0046,40.17,67.27,2026-08-25 13:17:56.456679,Port Jesseville,Entertainment,False,normal
TXN_000404,USER_0041,197.39,110.68,2026-09-05 03:20:56.456679,East Jill,Grocery,False,normal
TXN_000405,USER_0029,58.34,103.25,2026-08-29 13:10:56.456679,Jacquelineland,Electronics,False,normal
TXN_000406,USER_0032,158.12,92.39,2026-08-25 21:10:56.456679,Lake Debra,Utilities,False,normal
TXN_000407,USER_0028,128.53,121.3,2026-09-09 05:37:56.456679,Lake Chad,Travel,False,normal
TXN_000408,USER_0025,5.91,84.71,2026-09-15 04:02:56.456679,Lisatown,Entertainment,False,normal
TXN_000409,USER_0001,178.94,133.24,2026-09-15 01:02:56.456679,Lisatown,Grocery,False,normal
TXN_000410,USER_0044,5.8,116.83500000000001,2026-09-02 04:47:56.456679,Lake Roberto,Entertainment,False,normal
TXN_000411,USER_0020,30.14,113.99,2026-09-08 07:57:56.456679,Ramirezstad,Utilities,False,normal
TXN_000412,USER_0020,37.57,113.99,2026-08-23 22:57:56.456679,North Noahstad,Entertainment,False,normal
TXN_000413,USER_0030,146.93,105.88,2026-09-18 00:24:56.456679,Ramirezstad,Entertainment,False,normal
TXN_000414,USER_0028,178.15,121.3,2026-08-27 23:09:56.456679,Cassandraton,Travel,False,normal
TXN_000415,USER_0023,151.27,103.93,2026-08-29 09:06:56.456679,New Kellystad,Grocery,False,normal
TXN_000416,USER_0015,48.74,110.16,2026-08-27 20:19:56.456679,Lisatown,Grocery,False,normal
TXN_000417,USER_0038,103.4,95.255,2026-08-27 11:32:56.456679,Herrerafurt,Grocery,False,normal
TXN_000418,USER_0025,175.93,84.71,2026-09-02 12:24:56.456679,West Michael,Utilities,False,normal
TXN_000419,USER_0004,120.82,102.875,2026-08-24 01:24:56.456679,East Jessetown,Grocery,False,normal
TXN_000420,USER_0004,139.5,102.875,2026-09-09 20:14:56.456679,Port Keith,Travel,False,normal
TXN_000421,USER_0008,111.72,94.98,2026-09-12 11:11:56.456679,Lake Debra,Electronics,False,normal
TXN_000422,USER_0045,138.72,91.56,2026-08-22 07:10:56.456679,North Noahstad,Travel,False,normal
TXN_000423,USER_0043,24.69,87.56,2026-09-14 13:19:56.456679,Ericmouth,Utilities,False,normal
TXN_000424,USER_0039,141.64,106.285,2026-09-09 22:29:56.456679,East Jessetown,Utilities,False,normal
TXN_000425,USER_0047,125.45,123.73,2026-09-03 17:48:56.456679,East Jessetown,Grocery,False,normal
TXN_000426,USER_0032,43.74,92.39,2026-08-30 23:11:56.456679,Ericmouth,Utilities,False,normal
TXN_000427,USER_0013,74.79,98.74000000000001,2026-09-09 12:34:56.456679,North Noahstad,Electronics,False,normal
TXN_000428,USER_0003,296.66,125.975,2026-09-07 05:04:42.456679,Lake Roberto,Entertainment,True,velocity
TXN_000429,USER_0016,5.53,108.58,2026-08-25 22:13:56.456679,East Jessetown,Utilities,False,normal
TXN_000430,USER_0043,101.35,87.56,2026-08-25 23:24:56.456679,Ramirezstad,Grocery,False,normal
TXN_000431,USER_0047,146.1,123.73,2026-09-02 12:31:56.456679,Lake Roberto,Travel,False,normal
TXN_000432,USER_0019,56.5,138.79000000000002,2026-08-24 03:43:56.456679,East Jessetown,Electronics,False,normal
TXN_000433,USER_0003,171.19,125.975,2026-09-07 06:28:56.456679,Cassandraton,Travel,False,normal
TXN_000434,USER_0048,27.6,110.19,2026-08-23 23:08:56.456679,North Judithbury,Electronics,False,normal
TXN_000435,USER_0043,131.2,87.56,2026-09-05 20:00:56.456679,Herrerafurt,Travel,False,normal
TXN_000436,USER_0040,57.32,94.72,2026-08-26 02:32:56.456679,Herrerafurt,Entertainment,False,normal
TXN_000437,USER_0012,27.2,111.37,2026-09-09 02:11:56.456679,Port Keith,Entertainment,False,normal
TXN_000438,USER_0025,139.53,84.71,2026-09-12 15:23:56.456679,Lake Chad,Electronics,False,normal
TXN_000439,USER_0008,30.84,94.98,2026-08-24 13:04:56.456679,Robinsonshire,Grocery,False,normal
TXN_000440,USER_0027,182.69,70.4,2026-09-12 20:13:56.456679,Jacquelineland,Travel,False,normal
TXN_000441,USER_0012,124.21,111.37,2026-09-07 04:42:56.456679,New Jessica,Grocery,False,normal
TXN_000442,USER_0044,176.59,116.83500000000001,2026-08-27 19:43:56.456679,Port Jesseville,Travel,False,normal
TXN_000443,USER_0008,178.08,94.98,2026-09-10 22:21:56.456679,East Jill,Grocery,False,normal
TXN_000444,USER_0017,132.72,74.68,2026-08-22 10:31:56.456679,Ramirezstad,Utilities,False,normal
TXN_000445,USER_0047,115.18,123.73,2026-09-06 06:31:56.456679,Ramirezstad,Utilities,False,normal
TXN_000446,USER_0045,141.61,91.56,2026-08-26 05:02:56.456679,Lake Chad,Electronics,False,normal
TXN_000447,USER_0031,72.42,98.35,2026-09-20 01:36:56.456679,New Kellystad,Electronics,False,normal
TXN_000448,USER_0036,178.95,76.5,2026-09-18 18:28:56.456679,East Jill,Grocery,False,normal
TXN_000449,USER_0042,187.2,101.31,2026-09-13 21:13:56.456679,Port Jesseville,Travel,False,normal
TXN_000450,USER_0011,19.6,110.18,2026-09-13 06:01:56.456679,Cassandraton,Electronics,False,normal
TXN_000451,USER_0022,194.18,67.475,2026-08-24 04:00:56.456679,Ramirezstad,Electronics,False,normal
TXN_000452,USER_0036,130.45,76.5,2026-09-09 05:30:56.456679,Lake Roberto,Grocery,False,normal
TXN_000453,USER_0030,91.62,105.88,2026-09-16 22:55:56.456679,Port Keith,Grocery,False,normal
TXN_000454,USER_0032,92.18,92.39,2026-08-27 06:40:56.456679,Port Jesseville,Grocery,False,normal
TXN_000455,USER_0007,83.67,143.365,2026-08-23 12:09:56.456679,West Michael,Utilities,False,normal
TXN_000456,USER_0001,166.05,133.24,2026-09-18 08:58:56.456679,New Jessica,Entertainment,False,normal
TXN_000457,USER_0033,114.65,92.74,2026-09-20 16:00:56.456679,Port Keith,Entertainment,False,normal
TXN_000458,USER_0024,165.94,88.98,2026-09-01 00:30:56.456679,Port Keith,Entertainment,False,normal
TXN_000459,USER_0036,154.65,76.5,2026-09-18 04:19:56.456679,Port Jesseville,Entertainment,False,normal
TXN_000460,USER_0046,253.64,67.27,2026-08-26 07:26:56.456679,Lisatown,Grocery,True,velocity
TXN_000461,USER_0022,74.25,67.475,2026-09-19 17:08:56.456679,North Noahstad,Utilities,False,normal
TXN_000462,USER_0034,77.91,86.64,2026-08-26 17:08:56.456679,East Jill,Electronics,False,normal
TXN_000463,USER_0032,32.39,92.39,2026-09-09 11:59:56.456679,East Jessetown,Entertainment,False,normal
TXN_000464,USER_0040,43.2,94.72,2026-08-27 08:54:56.456679,New Kellystad,Electronics,False,normal
TXN_000465,USER_0030,165.79,105.88,2026-08-30 13:10:56.456679,Cassandraton,Grocery,False,normal
TXN_000466,USER_0049,85.82,102.53,2026-09-19 16:41:56.456679,Jacquelineland,Grocery,False,normal
TXN_000467,USER_0050,178.89,112.51,2026-09-11 16:36:56.456679,Jacquelineland,Utilities,False,normal
TXN_000468,USER_0009,483.73,102.95,2026-09-03 17:57:16.456679,Lake Roberto,Grocery,True,velocity
TXN_000469,USER_0036,187.39,76.5,2026-09-17 12:07:56.456679,Port Jesseville,Utilities,False,normal
TXN_000470,USER_0050,184.63,112.51,2026-08-29 22:34:56.456679,Jacquelineland,Electronics,False,normal
TXN_000471,USER_0047,163.97,123.73,2026-08-26 14:07:56.456679,New Kellystad,Utilities,False,normal
TXN_000472,USER_0039,177.13,106.285,2026-09-13 19:38:56.456679,New Kellystad,Travel,False,normal
TXN_000473,USER_0039,183.6,106.285,2026-09-02 04:09:56.456679,Ericmouth,Travel,False,normal
TXN_000474,USER_0022,194.25,67.475,2026-09-11 11:38:56.456679,Lake Debra,Electronics,False,normal
TXN_000475,USER_0027,122.49,70.4,2026-09-14 04:34:56.456679,North Noahstad,Utilities,False,normal
TXN_000476,USER_0021,143.82,89.45,2026-09-16 01:40:56.456679,Lisatown,Electronics,False,normal
TXN_000477,USER_0014,692.86,103.65,2026-09-04 02:24:56.456679,Herrerafurt,Electronics,True,spike
TXN_000478,USER_0046,455.77,67.27,2026-08-29 23:14:56.456679,Ramirezstad,Utilities,True,spike
TXN_000479,USER_0045,129.19,91.56,2026-08-27 03:04:56.456679,Herrerafurt,Utilities,False,normal
TXN_000480,USER_0031,118.65,98.35,2026-09-09 21:00:56.456679,West Michael,Entertainment,False,normal
TXN_000481,USER_0028,162.62,121.3,2026-09-14 15:58:56.456679,East Jessetown,Grocery,False,normal
TXN_000482,USER_0025,33.34,84.71,2026-08-24 10:50:56.456679,Lisatown,Entertainment,False,normal
TXN_000483,USER_0049,158.18,102.53,2026-09-03 22:04:56.456679,Ericmouth,Electronics,False,normal
TXN_000484,USER_0004,139.67,102.875,2026-09-04 07:23:56.456679,Lisatown,Utilities,False,normal
TXN_000485,USER_0003,74.94,125.975,2026-09-11 11:22:56.456679,East Jessetown,Utilities,False,normal
TXN_000486,USER_0044,149.2,116.83500000000001,2026-09-01 02:01:56.456679,West Michael,Travel,False,normal
TXN_000487,USER_0016,104.63,108.58,2026-09-03 23:11:56.456679,East Jill,Travel,False,normal
TXN_000488,USER_0025,86.23,84.71,2026-09-05 02:31:56.456679,West Michael,Grocery,False,normal
TXN_000489,USER_0001,150.02,133.24,2026-08-31 02:50:56.456679,New Jessica,Travel,False,normal
TXN_000490,USER_0015,182.74,110.16,2026-09-20 08:24:56.456679,Herrerafurt,Utilities,False,normal
TXN_000491,USER_0035,149.0,65.595,2026-08-30 19:36:56.456679,Lisatown,Entertainment,False,normal
TXN_000492,USER_0029,39.6,103.25,2026-08-25 06:21:56.456679,Robinsonshire,Electronics,False,normal
TXN_000493,USER_0048,105.2,110.19,2026-09-08 01:01:56.456679,East Jill,Travel,False,normal
TXN_000494,USER_0018,113.54,112.74,2026-08-27 19:05:56.456679,Robinsonshire,Utilities,False,normal
TXN_000495,USER_0017,6.1,74.68,2026-09-12 02:22:56.456679,Lake Debra,Grocery,False,normal
TXN_000496,USER_0010,186.08,84.95,2026-09-18 00:58:56.456679,East Jill,Utilities,False,normal
TXN_000497,USER_0043,63.73,87.56,2026-09-16 22:31:56.456679,West Michael,Entertainment,False,normal
TXN_000498,USER_0005,157.89,96.55,2026-09-05 08:12:56.456679,Ramirezstad,Electronics,False,normal
TXN_000499,USER_0012,106.52,111.37,2026-09-13 20:45:56.456679,Robinsonshire,Travel,False,normal
TXN_000500,USER_0035,109.72,65.595,2026-08-26 01:26:56.456679,Herrerafurt,Electronics,False,normal
TXN_000501,USER_0014,134.35,103.65,2026-09-05 22:37:56.456679,Herrerafurt,Entertainment,False,normal
TXN_000502,USER_0014,190.31,103.65,2026-09-19 00:20:56.456679,Ramirezstad,Travel,False,normal
TXN_000503,USER_0036,165.62,76.5,2026-09-20 10:13:56.456679,North Judithbury,Grocery,False,normal
TXN_000504,USER_0043,72.47,87.56,2026-09-01 19:32:56.456679,New Jessica,Utilities,False,normal
TXN_000505,USER_0016,191.98,108.58,2026-09-05 11:33:56.456679,New Kellystad,Grocery,False,normal
TXN_000506,USER_0025,165.47,84.71,2026-09-03 17:56:56.456679,Cassandraton,Utilities,True,velocity
TXN_000507,USER_0050,78.12,112.51,2026-09-14 00:41:56.456679,Port Keith,Travel,False,normal
TXN_000508,USER_0003,62.8,125.975,2026-09-20 12:39:56.456679,Lisatown,Entertainment,False,normal
TXN_000509,USER_0033,444.06,92.74,2026-08-26 05:49:56.456679,Robinsonshire,Utilities,True,spike
TXN_000510,USER_0035,296.86,65.595,2026-08-24 20:31:56.456679,Lisatown,Electronics,True,spike
TXN_000511,USER_0044,87.72,116.83500000000001,2026-08-26 14:31:56.456679,Lisatown,Utilities,False,normal
TXN_000512,USER_0045,176.33,91.56,2026-09-10 16:24:56.456679,New Roberttown,Electronics,False,normal
TXN_000513,USER_0002,94.55,54.91,2026-09-05 23:20:56.456679,East Jill,Grocery,False,normal
TXN_000514,USER_0005,15.58,96.55,2026-09-02 08:10:56.456679,West Michael,Grocery,False,normal
TXN_000515,USER_0037,165.22,118.425,2026-09-02 15:31:56.456679,Lake Chad,Travel,False,normal
TXN_000516,USER_0029,127.89,103.25,2026-09-10 13:59:56.456679,Cassandraton,Grocery,False,normal
TXN_000517,USER_0025,580.82,84.71,2026-09-15 05:11:56.456679,North Judithbury,Utilities,True,spike
TXN_000518,USER_0005,152.41,96.55,2026-09-17 12:39:56.456679,East Jill,Grocery,False,normal
TXN_000519,USER_0023,185.97,103.93,2026-08-26 16:56:56.456679,North Noahstad,Entertainment,False,normal
TXN_000520,USER_0039,21.87,106.285,2026-09-10 19:04:56.456679,New Kellystad,Travel,False,normal
TXN_000521,USER_0043,11.01,87.56,2026-08-28 23:45:56.456679,West Michael,Electronics,False,normal
TXN_000522,USER_0009,150.62,102.95,2026-09-15 17:05:56.456679,North Noahstad,Electronics,False,normal
TXN_000523,USER_0020,137.07,113.99,2026-09-20 08:44:56.456679,Herrerafurt,Grocery,False,normal
TXN_000524,USER_0036,175.58,76.5,2026-08-28 07:26:56.456679,East Jessetown,Grocery,False,normal
TXN_000525,USER_0001,116.68,133.24,2026-09-08 19:27:56.456679,West Michael,Utilities,False,normal
TXN_000526,USER_0006,64.41,88.97,2026-09-06 12:35:56.456679,Lisatown,Travel,False,normal
TXN_000527,USER_0042,757.81,101.31,2026-08-28 08:36:56.456679,Robinsonshire,Electronics,True,spike
TXN_000528,USER_0015,125.29,110.16,2026-09-02 09:04:56.456679,Lisatown,Grocery,False,normal
TXN_000529,USER_0012,135.84,111.37,2026-09-16 16:39:56.456679,East Jill,Utilities,False,normal
TXN_000530,USER_0030,130.71,105.88,2026-08-25 04:54:56.456679,North Noahstad,Grocery,False,normal
TXN_000531,USER_0017,24.15,74.68,2026-09-17 07:10:56.456679,Port Jesseville,Entertainment,False,normal
TXN_000532,USER_0023,30.0,103.93,2026-09-20 16:58:56.456679,Lake Roberto,Grocery,False,normal
TXN_000533,USER_0019,125.81,138.79000000000002,2026-08-30 16:22:56.456679,Cassandraton,Travel,False,normal
TXN_000534,USER_0029,69.03,103.25,2026-09-04 18:53:56.456679,Jacquelineland,Electronics,False,normal
TXN_000535,USER_0037,115.54,118.425,2026-09-05 06:32:56.456679,Lake Chad,Electronics,False,normal
TXN_000536,USER_0001,66.08,133.24,2026-08-31 22:58:56.456679,Lake Chad,Entertainment,False,normal
TXN_000537,USER_0024,31.19,88.98,2026-09-05 23:10:56.456679,Port Jesseville,Travel,False,normal
TXN_000538,USER_0029,74.95,103.25,2026-09-04 18:40:56.456679,Port Jesseville,Utilities,False,normal
TXN_000539,USER_0007,39.28,143.365,2026-09-18 11:36:56.456679,New Roberttown,Entertainment,False,normal
TXN_000540,USER_0009,178.8,102.95,2026-08-30 19:34:56.456679,Ericmouth,Grocery,False,normal
TXN_000541,USER_0047,19.7,123.73,2026-08-22 17:21:56.456679,Ramirezstad,Grocery,False,normal
TXN_000542,USER_0038,117.89,95.255,2026-09-17 17:29:56.456679,Lisatown,Grocery,False,normal
TXN_000543,USER_0036,55.82,76.5,2026-09-15 10:29:56.456679,Port Jesseville,Electronics,False,normal
TXN_000544,USER_0024,81.54,88.98,2026-09-17 17:01:56.456679,North Noahstad,Electronics,False,normal
TXN_000545,USER_0030,102.72,105.88,2026-08-25 23:55:56.456679,New Kellystad,Entertainment,False,normal
TXN_000546,USER_0033,7.07,92.74,2026-09-01 17:56:56.456679,New Jessica,Electronics,False,normal
TXN_000547,USER_0049,105.26,102.53,2026-09-11 04:24:56.456679,Robinsonshire,Electronics,False,normal
TXN_000548,USER_0037,190.0,118.425,2026-08-28 12:42:56.456679,Port Jesseville,Entertainment,False,normal
TXN_000549,USER_0003,47.67,125.975,2026-09-13 01:39:56.456679,Lake Roberto,Grocery,False,normal
TXN_000550,USER_0017,77.04,74.68,2026-08-23 19:46:56.456679,Lisatown,Utilities,False,normal
TXN_000551,USER_0024,80.68,88.98,2026-09-11 13:36:56.456679,East Jill,Grocery,False,normal
TXN_000552,USER_0042,68.19,101.31,2026-09-14 14:29:56.456679,Ericmouth,Entertainment,False,normal
TXN_000553,USER_0038,111.15,95.255,2026-08-29 18:54:56.456679,New Kellystad,Travel,False,normal
TXN_000554,USER_0024,119.6,88.98,2026-08-25 10:02:56.456679,Ramirezstad,Entertainment,False,normal
TXN_000555,USER_0025,194.67,84.71,2026-09-01 00:28:56.456679,Ramirezstad,Travel,False,normal
TXN_000556,USER_0023,164.36,103.93,2026-09-06 13:53:56.456679,Port Jesseville,Travel,False,normal
TXN_000557,USER_0039,6.29,106.285,2026-08-28 04:48:56.456679,Port Keith,Electronics,False,normal
TXN_000558,USER_0015,20.03,110.16,2026-09-20 03:51:56.456679,Ericmouth,Electronics,False,normal
TXN_000559,USER_0010,41.45,84.95,2026-09-07 08:39:56.456679,New Jessica,Grocery,False,normal
TXN_000560,USER_0043,49.92,87.56,2026-09-05 21:42:56.456679,East Jessetown,Travel,False,normal
TXN_000561,USER_0044,98.37,116.83500000000001,2026-08-31 11:09:56.456679,Jacquelineland,Electronics,False,normal
TXN_000562,USER_0042,167.51,101.31,2026-08-22 21:32:56.456679,Lake Roberto,Grocery,False,normal
TXN_000563,USER_0009,116.83,102.95,2026-08-29 05:00:56.456679,Lake Debra,Utilities,False,normal
TXN_000564,USER_0003,178.71,125.975,2026-08-28 13:25:56.456679,East Jill,Electronics,False,normal
TXN_000565,USER_0017,184.88,74.68,2026-09-14 09:19:56.456679,New Kellystad,Utilities,False,normal
TXN_000566,USER_0037,129.34,118.425,2026-09-03 18:37:56.456679,New Roberttown,Electronics,False,normal
TXN_000567,USER_0029,123.27,103.25,2026-09-12 07:55:56.456679,Port Jesseville,Electronics,False,normal
TXN_000568,USER_0015,166.92,110.16,2026-09-18 05:17:56.456679,Lake Debra,Utilities,False,normal
TXN_000569,USER_0050,40.47,112.51,2026-09-14 02:57:56.456679,Ericmouth,Electronics,False,normal
TXN_000570,USER_0047,138.69,123.73,2026-09-11 12:19:56.456679,New Jessica,Utilities,False,normal
TXN_000571,USER_0005,49.81,96.55,2026-09-08 10:02:56.456679,Lake Debra,Grocery,False,normal
TXN_000572,USER_0002,44.46,54.91,2026-09-13 19:54:56.456679,Lake Chad,Electronics,False,normal
TXN_000573,USER_0039,23.78,106.285,2026-09-12 12:47:56.456679,New Jessica,Utilities,False,normal
TXN_000574,USER_0003,176.16,125.975,2026-09-15 01:28:56.456679,Ramirezstad,Grocery,False,normal
TXN_000575,USER_0006,99.04,88.97,2026-08-27 19:22:56.456679,New Jessica,Utilities,False,normal
TXN_000576,USER_0001,179.91,133.24,2026-09-20 10:09:56.456679,Lake Chad,Utilities,False,normal
TXN_000577,USER_0027,77.22,70.4,2026-08-23 20:27:56.456679,Ramirezstad,Travel,False,normal
TXN_000578,USER_0015,187.99,110.16,2026-09-12 19:37:56.456679,New Kellystad,Entertainment,False,normal
TXN_000579,USER_0038,161.9,95.255,2026-09-17 02:17:56.456679,East Jessetown,Travel,False,normal
TXN_000580,USER_0009,54.63,102.95,2026-09-01 10:58:56.456679,New Roberttown,Entertainment,False,normal
TXN_000581,USER_0039,175.97,106.285,2026-09-09 11:22:56.456679,Ericmouth,Electronics,False,normal
TXN_000582,USER_0001,143.28,133.24,2026-08-22 04:47:56.456679,Jacquelineland,Utilities,False,normal
TXN_000583,USER_0008,106.35,94.98,2026-09-07 22:38:56.456679,Lisatown,Entertainment,False,normal
TXN_000584,USER_0027,75.64,70.4,2026-08-28 22:04:56.456679,Lake Chad,Utilities,False,normal
TXN_000585,USER_0017,55.95,74.68,2026-09-15 06:35:56.456679,Lake Chad,Utilities,False,normal
TXN_000586,USER_0024,124.32,88.98,2026-09-08 23:08:56.456679,Lisatown,Travel,False,normal
TXN_000587,USER_0036,157.84,76.5,2026-09-12 20:00:56.456679,Robinsonshire,Entertainment,False,normal
TXN_000588,USER_0036,113.21,76.5,2026-09-02 10:12:56.456679,North Noahstad,Utilities,False,normal
TXN_000589,USER_0023,155.97,103.93,2026-09-08 23:52:56.456679,Lake Debra,Grocery,False,normal
TXN_000590,USER_0048,49.81,110.19,2026-08-29 05:44:56.456679,East Jessetown,Electronics,False,normal
TXN_000591,USER_0033,230.25,92.74,2026-09-05 07:19:15.456679,North Judithbury,Utilities,True,velocity
TXN_000592,USER_0045,138.49,91.56,2026-08-24 05:52:56.456679,Robinsonshire,Travel,False,normal
TXN_000593,USER_0041,6.03,110.68,2026-08-26 00:30:56.456679,Lake Debra,Travel,False,normal
TXN_000594,USER_0039,89.9,106.285,2026-08-24 19:00:56.456679,Ericmouth,Electronics,False,normal
TXN_000595,USER_0024,20.61,88.98,2026-08-23 14:15:56.456679,New Kellystad,Travel,False,normal
TXN_000596,USER_0040,132.95,94.72,2026-09-03 21:55:56.456679,New Jessica,Grocery,False,normal
TXN_000597,USER_0050,829.29,112.51,2026-09-20 00:23:56.456679,Port Jesseville,Travel,True,spike
TXN_000598,USER_0001,44.33,133.24,2026-09-20 18:30:56.456679,Ramirezstad,Entertainment,False,normal
TXN_000599,USER_0013,11.55,98.74000000000001,2026-09-18 03:50:56.456679,Ramirezstad,Utilities,False,normal
TXN_000600,USER_0045,50.18,91.56,2026-08-29 14:08:56.456679,East Jill,Entertainment,False,normal
TXN_000601,USER_0016,132.73,108.58,2026-08-29 00:59:56.456679,New Roberttown,Entertainment,False,normal
TXN_000602,USER_0050,82.89,112.51,2026-09-08 20:37:56.456679,New Kellystad,Utilities,False,normal
TXN_000603,USER_0013,105.96,98.74000000000001,2026-08-24 23:57:56.456679,New Roberttown,Utilities,False,normal
TXN_000604,USER_0019,146.6,138.79000000000002,2026-09-16 07:43:56.456679,Jacquelineland,Entertainment,False,normal
TXN_000605,USER_0023,192.84,103.93,2026-09-03 11:02:56.456679,Lake Roberto,Utilities,False,normal
TXN_000606,USER_0013,93.68,98.74000000000001,2026-09-09 06:14:56.456679,Jacquelineland,Grocery,False,normal
TXN_000607,USER_0017,39.13,74.68,2026-09-13 21:57:56.456679,East Jessetown,Utilities,False,normal
TXN_000608,USER_0005,103.12,96.55,2026-09-06 08:21:56.456679,East Jessetown,Utilities,False,normal
TXN_000609,USER_0017,175.84,74.68,2026-09-17 00:57:56.456679,Ericmouth,Travel,False,normal
TXN_000610,USER_0025,114.82,84.71,2026-09-01 22:44:56.456679,Cassandraton,Travel,False,normal
TXN_000611,USER_0044,714.16,116.83500000000001,2026-09-17 13:59:56.456679,North Judithbury,Travel,True,spike
TXN_000612,USER_0008,55.27,94.98,2026-09-08 06:59:56.456679,Lake Roberto,Electronics,False,normal
TXN_000613,USER_0021,85.42,89.45,2026-09-06 22:41:56.456679,Ramirezstad,Utilities,False,normal
TXN_000614,USER_0001,141.66,133.24,2026-09-02 20:39:56.456679,Lake Roberto,Entertainment,False,normal
TXN_000615,USER_0006,82.79,88.97,2026-09-06 10:33:56.456679,New Roberttown,Utilities,False,normal
TXN_000616,USER_0012,97.93,111.37,2026-09-06 23:10:56.456679,Lisatown,Utilities,False,normal
TXN_000617,USER_0018,40.64,112.74,2026-08-30 12:43:56.456679,Port Jesseville,Electronics,False,normal
TXN_000618,USER_0016,148.41,108.58,2026-09-02 22:54:56.456679,Lisatown,Electronics,False,normal
TXN_000619,USER_0013,167.81,98.74000000000001,2026-09-19 00:41:56.456679,Herrerafurt,Electronics,False,normal
TXN_000620,USER_0050,25.8,112.51,2026-08-25 10:44:56.456679,Port Jesseville,Utilities,False,normal
TXN_000621,USER_0001,154.03,133.24,2026-09-15 12:27:56.456679,East Jill,Travel,False,normal
TXN_000622,USER_0024,126.03,88.98,2026-09-13 06:47:56.456679,Jacquelineland,Entertainment,False,normal
TXN_000623,USER_0032,40.66,92.39,2026-09-14 03:18:56.456679,Ericmouth,Travel,False,normal
TXN_000624,USER_0015,151.28,110.16,2026-08-27 17:05:56.456679,East Jill,Utilities,False,normal
TXN_000625,USER_0028,98.27,121.3,2026-09-15 11:40:56.456679,East Jill,Utilities,False,normal
TXN_000626,USER_0023,81.77,103.93,2026-08-29 19:56:56.456679,Port Keith,Grocery,False,normal
TXN_000627,USER_0045,106.05,91.56,2026-09-05 05:47:56.456679,North Judithbury,Grocery,False,normal
TXN_000628,USER_0044,46.1,116.83500000000001,2026-09-17 07:37:56.456679,East Jessetown,Entertainment,False,normal
TXN_000629,USER_0024,124.49,88.98,2026-09-02 16:40:56.456679,Robinsonshire,Utilities,False,normal
TXN_000630,USER_0017,398.04,74.68,2026-09-12 07:51:56.456679,New Jessica,Entertainment,True,spike
TXN_000631,USER_0024,40.86,88.98,2026-09-10 04:04:56.456679,Lisatown,Travel,False,normal
TXN_000632,USER_0045,151.68,91.56,2026-09-07 11:46:56.456679,New Kellystad,Entertainment,False,normal
TXN_000633,USER_0029,40.08,103.25,2026-08-27 20:15:56.456679,Jacquelineland,Electronics,False,normal
TXN_000634,USER_0007,145.56,143.365,2026-09-01 14:34:56.456679,West Michael,Travel,False,normal
TXN_000635,USER_0025,43.23,84.71,2026-08-28 16:21:56.456679,Port Jesseville,Grocery,False,normal
TXN_000636,USER_0012,87.2,111.37,2026-08-27 23:53:56.456679,Ramirezstad,Utilities,False,normal
TXN_000637,USER_0047,66.57,123.73,2026-09-13 00:32:56.456679,North Noahstad,Entertainment,False,normal
TXN_000638,USER_0036,172.41,76.5,2026-08-24 01:07:56.456679,New Kellystad,Grocery,False,normal
TXN_000639,USER_0045,36.85,91.56,2026-08-31 16:21:56.456679,Ericmouth,Travel,False,normal
TXN_000640,USER_0041,23.78,110.68,2026-09-06 02:33:56.456679,Ericmouth,Entertainment,False,normal
TXN_000641,USER_0024,114.27,88.98,2026-09-02 14:30:56.456679,Herrerafurt,Grocery,False,normal
TXN_000642,USER_0027,28.64,70.4,2026-09-18 10:28:56.456679,Lisatown,Utilities,False,normal
TXN_000643,USER_0037,131.72,118.425,2026-09-15 09:08:56.456679,Robinsonshire,Entertainment,False,normal
TXN_000644,USER_0023,68.39,103.93,2026-09-14 02:33:56.456679,Port Jesseville,Travel,False,normal
TXN_000645,USER_0006,79.31,88.97,2026-09-03 21:58:56.456679,Port Keith,Electronics,False,normal
TXN_000646,USER_0011,129.91,110.18,2026-09-06 05:32:56.456679,Lake Chad,Utilities,False,normal
TXN_000647,USER_0037,83.93,118.425,2026-08-25 02:56:56.456679,New Roberttown,Electronics,False,normal
TXN_000648,USER_0022,49.5,67.475,2026-09-05 07:07:56.456679,North Noahstad,Entertainment,False,normal
TXN_000649,USER_0039,130.71,106.285,2026-09-03 05:17:56.456679,Port Keith,Entertainment,False,normal
TXN_000650,USER_0048,119.45,110.19,2026-09-11 08:51:56.456679,Lake Chad,Electronics,False,normal
TXN_000651,USER_0012,171.57,111.37,2026-08-27 13:35:56.456679,Lake Roberto,Entertainment,False,normal
TXN_000652,USER_0048,141.64,110.19,2026-08-25 12:28:56.456679,Lisatown,Electronics,False,normal
TXN_000653,USER_0026,25.09,120.42,2026-08-24 18:41:56.456679,Port Jesseville,Utilities,False,normal
TXN_000654,USER_0004,10.14,102.875,2026-09-08 22:39:56.456679,Ramirezstad,Grocery,False,normal
TXN_000655,USER_0007,56.18,143.365,2026-08-28 22:37:56.456679,New Roberttown,Travel,False,normal
TXN_000656,USER_0020,49.72,113.99,2026-09-03 19:24:56.456679,Port Keith,Electronics,False,normal
TXN_000657,USER_0009,107.71,102.95,2026-08-29 15:21:56.456679,North Judithbury,Grocery,False,normal
TXN_000658,USER_0043,74.58,87.56,2026-09-05 16:13:56.456679,Port Jesseville,Travel,False,normal
TXN_000659,USER_0035,187.3,65.595,2026-09-15 20:10:56.456679,Port Keith,Electronics,False,normal
TXN_000660,USER_0045,110.16,91.56,2026-09-17 18:21:56.456679,New Jessica,Travel,False,normal
TXN_000661,USER_0041,151.04,110.68,2026-09-16 13:02:56.456679,Lake Chad,Utilities,False,normal
TXN_000662,USER_0041,129.71,110.68,2026-09-04 23:14:56.456679,Herrerafurt,Travel,False,normal
TXN_000663,USER_0035,49.29,65.595,2026-08-25 22:50:56.456679,Port Keith,Entertainment,False,normal
TXN_000664,USER_0024,85.38,88.98,2026-08-28 23:06:56.456679,North Noahstad,Grocery,False,normal
TXN_000665,USER_0001,107.05,133.24,2026-08-28 01:53:56.456679,Herrerafurt,Entertainment,False,normal
TXN_000666,USER_0031,109.34,98.35,2026-09-13 06:20:56.456679,Port Jesseville,Entertainment,False,normal
TXN_000667,USER_0001,154.34,133.24,2026-09-04 04:57:56.456679,New Jessica,Electronics,False,normal
TXN_000668,USER_0001,111.9,133.24,2026-08-30 10:59:56.456679,Lake Chad,Utilities,False,normal
TXN_000669,USER_0028,81.98,121.3,2026-08-29 07:21:56.456679,New Kellystad,Travel,False,normal
TXN_000670,USER_0015,56.28,110.16,2026-09-10 02:12:56.456679,Lake Roberto,Utilities,False,normal
TXN_000671,USER_0049,160.99,102.53,2026-09-18 18:48:56.456679,Ericmouth,Entertainment,False,normal
TXN_000672,USER_0042,149.87,101.31,2026-09-03 02:38:56.456679,Lake Chad,Electronics,False,normal
TXN_000673,USER_0005,40.57,96.55,2026-09-04 01:19:56.456679,East Jessetown,Travel,False,normal
TXN_000674,USER_0040,93.29,94.72,2026-09-19 05:13:56.456679,Port Jesseville,Electronics,False,normal
TXN_000675,USER_0021,8.78,89.45,2026-08-24 03:13:56.456679,West Michael,Grocery,False,normal
TXN_000676,USER_0012,194.6,111.37,2026-09-03 17:09:56.456679,Ericmouth,Electronics,False,normal
TXN_000677,USER_0046,90.49,67.27,2026-08-22 05:58:56.456679,Lake Roberto,Grocery,False,normal
TXN_000678,USER_0010,7.87,84.95,2026-08-31 18:14:56.456679,Cassandraton,Travel,False,normal
TXN_000679,USER_0020,158.22,113.99,2026-09-13 13:23:56.456679,Herrerafurt,Travel,False,normal
TXN_000680,USER_0045,159.33,91.56,2026-09-05 21:44:56.456679,New Roberttown,Electronics,False,normal
TXN_000681,USER_0004,56.97,102.875,2026-09-08 17:38:56.456679,New Roberttown,Utilities,False,normal
TXN_000682,USER_0031,40.41,98.35,2026-09-02 06:10:56.456679,New Kellystad,Grocery,False,normal
TXN_000683,USER_0008,195.05,94.98,2026-09-02 04:56:56.456679,New Kellystad,Travel,False,normal
TXN_000684,USER_0016,148.84,108.58,2026-08-23 09:37:56.456679,Lisatown,Travel,False,normal
TXN_000685,USER_0048,155.34,110.19,2026-09-14 14:14:56.456679,Lisatown,Travel,False,normal
TXN_000686,USER_0025,137.88,84.71,2026-09-05 01:55:56.456679,Cassandraton,Electronics,False,normal
TXN_000687,USER_0041,147.01,110.68,2026-09-15 21:18:56.456679,Ramirezstad,Grocery,False,normal
TXN_000688,USER_0017,98.84,74.68,2026-09-04 11:24:56.456679,Lisatown,Entertainment,False,normal
TXN_000689,USER_0004,173.41,102.875,2026-08-31 18:53:56.456679,East Jessetown,Electronics,False,normal
TXN_000690,USER_0041,89.66,110.68,2026-08-22 13:28:56.456679,Robinsonshire,Entertainment,False,normal
TXN_000691,USER_0038,28.33,95.255,2026-09-01 22:32:56.456679,North Judithbury,Grocery,False,normal
TXN_000692,USER_0038,157.78,95.255,2026-09-12 12:08:56.456679,New Jessica,Electronics,False,normal
TXN_000693,USER_0024,155.31,88.98,2026-09-02 04:41:56.456679,Robinsonshire,Travel,False,normal
TXN_000694,USER_0006,138.76,88.97,2026-09-06 06:39:56.456679,East Jill,Grocery,False,normal
TXN_000695,USER_0023,130.69,103.93,2026-09-15 06:51:56.456679,East Jessetown,Electronics,False,normal
TXN_000696,USER_0032,50.37,92.39,2026-09-16 06:53:56.456679,Herrerafurt,Travel,False,normal
TXN_000697,USER_0047,42.63,123.73,2026-09-08 01:38:56.456679,Herrerafurt,Electronics,False,normal
TXN_000698,USER_0017,180.24,74.68,2026-09-12 23:05:56.456679,Port Keith,Utilities,False,normal
TXN_000699,USER_0019,110.83,138.79000000000002,2026-09-13 04:19:56.456679,Lisatown,Utilities,False,normal
TXN_000700,USER_0012,111.01,111.37,2026-09-05 14:33:56.456679,Port Keith,Entertainment,False,normal
TXN_000701,USER_0039,183.32,106.285,2026-09-16 02:42:56.456679,Robinsonshire,Grocery,False,normal
TXN_000702,USER_0034,35.23,86.64,2026-09-04 07:58:56.456679,Ericmouth,Utilities,False,normal
TXN_000703,USER_0024,93.55,88.98,2026-09-19 21:54:56.456679,Ramirezstad,Travel,False,normal
TXN_000704,USER_0047,41.18,123.73,2026-08-22 17:27:56.456679,New Jessica,Entertainment,False,normal
TXN_000705,USER_0050,125.94,112.51,2026-09-05 11:18:56.456679,New Roberttown,Utilities,False,normal
TXN_000706,USER_0025,42.02,84.71,2026-09-13 12:28:56.456679,West Michael,Electronics,False,normal
TXN_000707,USER_0040,60.21,94.72,2026-09-09 12:37:56.456679,Cassandraton,Grocery,False,normal
TXN_000708,USER_0007,107.02,143.365,2026-08-24 21:50:56.456679,East Jill,Electronics,False,normal
TXN_000709,USER_0012,175.33,111.37,2026-08-31 01:44:56.456679,East Jessetown,Travel,False,normal
TXN_000710,USER_0013,24.26,98.74000000000001,2026-09-16 20:42:56.456679,New Kellystad,Travel,False,normal
TXN_000711,USER_0034,126.67,86.64,2026-09-17 17:46:56.456679,Ericmouth,Grocery,False,normal
TXN_000712,USER_0024,48.04,88.98,2026-08-25 02:25:56.456679,North Judithbury,Electronics,False,normal
TXN_000713,USER_0042,100.82,101.31,2026-08-25 12:21:56.456679,Port Keith,Grocery,False,normal
TXN_000714,USER_0024,113.81,88.98,2026-09-09 19:20:56.456679,Herrerafurt,Grocery,False,normal
TXN_000715,USER_0040,56.83,94.72,2026-08-23 17:25:56.456679,New Roberttown,Entertainment,False,normal
TXN_000716,USER_0005,189.2,96.55,2026-09-14 12:25:56.456679,East Jessetown,Grocery,False,normal
TXN_000717,USER_0047,50.05,123.73,2026-09-08 09:54:56.456679,Lisatown,Electronics,False,normal
TXN_000718,USER_0034,133.09,86.64,2026-09-16 19:38:56.456679,Robinsonshire,Utilities,False,normal
TXN_000719,USER_0048,113.84,110.19,2026-08-26 16:15:56.456679,Jacquelineland,Entertainment,False,normal
TXN_000720,USER_0044,94.45,116.83500000000001,2026-09-10 07:29:56.456679,East Jessetown,Electronics,False,normal
TXN_000721,USER_0012,112.24,111.37,2026-09-13 20:16:56.456679,Cassandraton,Electronics,False,normal
TXN_000722,USER_0035,199.69,65.595,2026-09-11 00:54:56.456679,Herrerafurt,Entertainment,False,normal
TXN_000723,USER_0036,198.34,76.5,2026-09-05 15:37:56.456679,Herrerafurt,Travel,False,normal
TXN_000724,USER_0049,128.48,102.53,2026-09-05 14:18:56.456679,New Jessica,Electronics,False,normal
TXN_000725,USER_0037,111.4,118.425,2026-09-07 22:41:56.456679,West Michael,Entertainment,False,normal
TXN_000726,USER_0024,192.52,88.98,2026-09-11 05:48:56.456679,New Kellystad,Grocery,False,normal
TXN_000727,USER_0047,11.76,123.73,2026-09-03 19:44:56.456679,New Jessica,Grocery,False,normal
TXN_000728,USER_0034,31.34,86.64,2026-09-04 14:42:56.456679,North Judithbury,Entertainment,False,normal
TXN_000729,USER_0015,46.89,110.16,2026-09-05 04:58:56.456679,North Judithbury,Entertainment,False,normal
TXN_000730,USER_0036,104.7,76.5,2026-09-16 20:20:56.456679,Jacquelineland,Electronics,False,normal
TXN_000731,USER_0007,12.36,143.365,2026-09-07 01:29:56.456679,Lake Debra,Electronics,False,normal
TXN_000732,USER_0017,76.58,74.68,2026-09-17 08:53:56.456679,Lake Roberto,Electronics,False,normal
TXN_000733,USER_0017,163.16,74.68,2026-08-26 01:24:56.456679,Jacquelineland,Travel,False,normal
TXN_000734,USER_0037,183.99,118.425,2026-08-25 09:20:56.456679,Cassandraton,Travel,False,normal
TXN_000735,USER_0012,100.21,111.37,2026-09-17 02:24:56.456679,East Jessetown,Utilities,False,normal
TXN_000736,USER_0042,63.58,101.31,2026-09-17 02:28:56.456679,New Kellystad,Grocery,False,normal
TXN_000737,USER_0050,15.9,112.51,2026-09-06 02:15:56.456679,Herrerafurt,Travel,False,normal
TXN_000738,USER_0027,546.01,70.4,2026-08-27 08:40:56.456679,Lake Roberto,Utilities,True,spike
TXN_000739,USER_0001,128.61,133.24,2026-09-19 15:32:56.456679,New Kellystad,Grocery,False,normal
TXN_000740,USER_0020,107.25,113.99,2026-09-05 09:47:56.456679,West Michael,Utilities,False,normal
TXN_000741,USER_0010,68.73,84.95,2026-08-31 22:11:56.456679,Lake Debra,Grocery,False,normal
TXN_000742,USER_0044,147.66,116.83500000000001,2026-09-08 18:08:56.456679,Port Keith,Utilities,False,normal
TXN_000743,USER_0037,103.42,118.425,2026-08-31 23:35:56.456679,Lake Chad,Entertainment,False,normal
TXN_000744,USER_0026,33.86,120.42,2026-09-06 04:12:56.456679,New Roberttown,Travel,False,normal
TXN_000745,USER_0037,150.34,118.425,2026-09-15 19:44:56.456679,New Kellystad,Entertainment,False,normal
TXN_000746,USER_0006,82.71,88.97,2026-09-10 15:35:56.456679,Lake Debra,Electronics,False,normal
TXN_000747,USER_0031,114.06,98.35,2026-09-13 01:53:56.456679,New Kellystad,Utilities,False,normal
TXN_000748,USER_0013,114.43,98.74000000000001,2026-09-14 17:38:56.456679,Lake Roberto,Electronics,False,normal
TXN_000749,USER_0005,56.92,96.55,2026-09-10 10:45:56.456679,Cassandraton,Utilities,False,normal
TXN_000750,USER_0006,26.94,88.97,2026-09-09 16:45:56.456679,Lake Chad,Entertainment,False,normal
TXN_000751,USER_0023,42.15,103.93,2026-09-06 13:19:56.456679,New Jessica,Grocery,False,normal
TXN_000752,USER_0050,64.44,112.51,2026-09-06 19:00:56.456679,New Jessica,Travel,False,normal
TXN_000753,USER_0040,33.43,94.72,2026-08-23 22:02:56.456679,Lake Roberto,Electronics,False,normal
TXN_000754,USER_0044,77.9,116.83500000000001,2026-08-25 18:44:56.456679,East Jessetown,Grocery,False,normal
TXN_000755,USER_0016,190.04,108.58,2026-08-28 14:19:56.456679,North Noahstad,Grocery,False,normal
TXN_000756,USER_0022,140.29,67.475,2026-08-26 22:33:56.456679,North Noahstad,Travel,False,normal
TXN_000757,USER_0031,9.44,98.35,2026-08-31 09:18:56.456679,West Michael,Electronics,False,normal
TXN_000758,USER_0014,111.55,103.65,2026-09-02 15:32:56.456679,West Michael,Travel,False,normal
TXN_000759,USER_0040,147.34,94.72,2026-08-28 07:24:56.456679,North Judithbury,Travel,False,normal
TXN_000760,USER_0038,181.68,95.255,2026-09-14 20:25:56.456679,East Jill,Entertainment,False,normal
TXN_000761,USER_0011,16.72,110.18,2026-08-31 00:13:56.456679,New Jessica,Entertainment,False,normal
TXN_000762,USER_0004,95.67,102.875,2026-08-22 06:07:56.456679,New Roberttown,Travel,False,normal
TXN_000763,USER_0043,57.91,87.56,2026-09-07 06:28:56.456679,East Jessetown,Grocery,False,normal
TXN_000764,USER_0019,174.15,138.79000000000002,2026-09-20 10:20:56.456679,New Kellystad,Electronics,False,normal
TXN_000765,USER_0025,104.17,84.71,2026-08-26 09:48:56.456679,Cassandraton,Travel,False,normal
TXN_000766,USER_0039,108.65,106.285,2026-08-30 08:38:56.456679,Lisatown,Utilities,False,normal
TXN_000767,USER_0030,114.33,105.88,2026-08-22 20:29:56.456679,East Jill,Electronics,False,normal
TXN_000768,USER_0034,64.46,86.64,2026-09-13 04:09:56.456679,New Kellystad,Electronics,False,normal
TXN_000769,USER_0002,72.62,54.91,2026-09-06 21:23:56.456679,Herrerafurt,Entertainment,False,normal
TXN_000770,USER_0016,199.22,108.58,2026-09-13 16:31:56.456679,Ericmouth,Grocery,False,normal
TXN_000771,USER_0041,55.25,110.68,2026-09-08 11:54:56.456679,North Judithbury,Utilities,False,normal
TXN_000772,USER_0018,48.99,112.74,2026-09-06 10:20:56.456679,New Kellystad,Electronics,False,normal
TXN_000773,USER_0006,147.33,88.97,2026-09-14 13:46:56.456679,New Jessica,Electronics,False,normal
TXN_000774,USER_0027,51.87,70.4,2026-08-28 19:51:56.456679,Lake Chad,Entertainment,False,normal
TXN_000775,USER_0039,69.21,106.285,2026-09-15 13:16:56.456679,Lake Debra,Electronics,False,normal
TXN_000776,USER_0042,32.02,101.31,2026-09-15 12:19:56.456679,Lisatown,Electronics,False,normal
TXN_000777,USER_0020,139.26,113.99,2026-09-14 17:09:56.456679,Lake Debra,Travel,False,normal
TXN_000778,USER_0050,33.3,112.51,2026-09-16 13:58:56.456679,Robinsonshire,Entertainment,False,normal
TXN_000779,USER_0005,113.68,96.55,2026-08-27 06:19:56.456679,Robinsonshire,Entertainment,False,normal
TXN_000780,USER_0010,146.78,84.95,2026-09-05 09:06:56.456679,Lake Chad,Travel,False,normal
TXN_000781,USER_0020,249.35,113.99,2026-09-10 06:00:11.456679,West Michael,Electronics,True,velocity
TXN_000782,USER_0050,41.65,112.51,2026-08-27 20:41:56.456679,Robinsonshire,Grocery,False,normal
TXN_000783,USER_0049,197.26,102.53,2026-09-18 22:53:56.456679,Ericmouth,Utilities,False,normal
TXN_000784,USER_0037,124.41,118.425,2026-09-18 00:24:56.456679,Lake Roberto,Electronics,False,normal
TXN_000785,USER_0044,10.09,116.83500000000001,2026-08-25 11:49:56.456679,Port Jesseville,Electronics,False,normal
TXN_000786,USER_0033,170.0,92.74,2026-09-12 05:01:56.456679,Herrerafurt,Electronics,False,normal
TXN_000787,USER_0025,100.83,84.71,2026-08-28 03:13:56.456679,Robinsonshire,Electronics,False,normal
TXN_000788,USER_0015,11.28,110.16,2026-08-22 13:24:56.456679,Ericmouth,Travel,False,normal
TXN_000789,USER_0015,149.76,110.16,2026-08-31 02:33:56.456679,Lisatown,Grocery,False,normal
TXN_000790,USER_0012,185.79,111.37,2026-09-10 20:49:56.456679,New Jessica,Travel,False,normal
TXN_000791,USER_0045,68.35,91.56,2026-09-11 16:46:56.456679,Lake Roberto,Travel,False,normal
TXN_000792,USER_0026,156.36,120.42,2026-09-18 13:02:56.456679,New Kellystad,Entertainment,False,normal
TXN_000793,USER_0026,124.24,120.42,2026-09-16 21:43:56.456679,New Jessica,Utilities,False,normal
TXN_000794,USER_0034,130.07,86.64,2026-08-23 15:04:56.456679,Ramirezstad,Grocery,False,normal
TXN_000795,USER_0029,94.1,103.25,2026-08-23 19:20:56.456679,Lake Roberto,Utilities,False,normal
TXN_000796,USER_0035,82.14,65.595,2026-08-23 15:53:56.456679,West Michael,Travel,False,normal
TXN_000797,USER_0034,154.21,86.64,2026-08-24 02:51:56.456679,Lisatown,Entertainment,False,normal
TXN_000798,USER_0029,82.62,103.25,2026-09-04 17:40:56.456679,North Noahstad,Travel,False,normal
TXN_000799,USER_0011,87.38,110.18,2026-09-18 18:43:56.456679,East Jill,Utilities,False,normal
TXN_000800,USER_0010,95.4,84.95,2026-09-20 06:43:56.456679,Port Keith,Grocery,False,normal
TXN_000801,USER_0047,102.63,123.73,2026-08-30 01:22:56.456679,Jacquelineland,Utilities,False,normal
TXN_000802,USER_0009,81.65,102.95,2026-09-05 14:19:56.456679,Port Keith,Grocery,False,normal
TXN_000803,USER_0012,93.47,111.37,2026-08-31 01:34:56.456679,Port Keith,Grocery,False,normal
TXN_000804,USER_0017,68.19,74.68,2026-09-20 09:26:56.456679,Robinsonshire,Grocery,False,normal
TXN_000805,USER_0006,27.26,88.97,2026-09-11 07:52:56.456679,Herrerafurt,Grocery,False,normal
TXN_000806,USER_0034,142.92,86.64,2026-09-14 03:53:56.456679,New Jessica,Electronics,False,normal
TXN_000807,USER_0025,112.32,84.71,2026-08-23 20:58:56.456679,Robinsonshire,Entertainment,False,normal
TXN_000808,USER_0037,174.9,118.425,2026-08-28 16:57:56.456679,Robinsonshire,Electronics,False,normal
TXN_000809,USER_0012,154.99,111.37,2026-08-24 05:03:56.456679,Lake Chad,Entertainment,False,normal
TXN_000810,USER_0020,147.38,113.99,2026-09-11 04:26:56.456679,North Noahstad,Electronics,False,normal
TXN_000811,USER_0008,180.22,94.98,2026-08-31 02:35:56.456679,North Judithbury,Utilities,False,normal
TXN_000812,USER_0049,54.36,102.53,2026-09-11 17:58:56.456679,Port Jesseville,Travel,False,normal
TXN_000813,USER_0035,162.45,65.595,2026-09-18 13:05:56.456679,Port Jesseville,Electronics,False,normal
TXN_000814,USER_0014,119.83,103.65,2026-09-12 12:37:56.456679,Port Keith,Travel,False,normal
TXN_000815,USER_0029,20.48,103.25,2026-09-18 04:29:56.456679,North Judithbury,Electronics,False,normal
TXN_000816,USER_0036,59.23,76.5,2026-09-19 11:39:56.456679,West Michael,Electronics,False,normal
TXN_000817,USER_0004,41.04,102.875,2026-08-24 09:09:56.456679,Herrerafurt,Grocery,False,normal
TXN_000818,USER_0010,171.5,84.95,2026-09-17 04:26:56.456679,New Jessica,Entertainment,False,normal
TXN_000819,USER_0022,184.48,67.475,2026-08-24 02:34:56.456679,East Jessetown,Travel,False,normal
TXN_000820,USER_0012,36.46,111.37,2026-09-03 19:38:56.456679,New Jessica,Utilities,False,normal
TXN_000821,USER_0037,158.52,118.425,2026-08-29 22:48:56.456679,Port Keith,Utilities,False,normal
TXN_000822,USER_0024,186.64,88.98,2026-08-26 02:44:56.456679,North Noahstad,Entertainment,False,normal
TXN_000823,USER_0024,180.02,88.98,2026-08-24 22:55:56.456679,Lake Chad,Utilities,False,normal
TXN_000824,USER_0005,62.1,96.55,2026-08-27 23:58:56.456679,East Jessetown,Entertainment,False,normal
TXN_000825,USER_0022,107.78,67.475,2026-09-14 18:04:56.456679,Lisatown,Electronics,False,normal
TXN_000826,USER_0040,16.35,94.72,2026-09-16 21:06:56.456679,Ramirezstad,Grocery,False,normal
TXN_000827,USER_0031,146.19,98.35,2026-09-18 09:35:56.456679,North Noahstad,Travel,False,normal
TXN_000828,USER_0039,170.32,106.285,2026-09-02 16:38:56.456679,Ramirezstad,Utilities,False,normal
TXN_000829,USER_0040,74.0,94.72,2026-08-27 18:41:56.456679,New Jessica,Utilities,False,normal
TXN_000830,USER_0032,106.34,92.39,2026-09-19 15:10:56.456679,Port Jesseville,Travel,False,normal
TXN_000831,USER_0012,177.31,111.37,2026-09-01 11:12:56.456679,North Noahstad,Electronics,False,normal
TXN_000832,USER_0001,28.05,133.24,2026-09-12 00:47:56.456679,East Jessetown,Electronics,False,normal
TXN_000833,USER_0040,499.54,94.72,2026-09-09 17:15:56.456679,Lake Roberto,Entertainment,True,velocity
TXN_000834,USER_0023,114.28,103.93,2026-09-19 21:20:56.456679,Lisatown,Grocery,False,normal
TXN_000835,USER_0041,44.23,110.68,2026-09-03 16:37:56.456679,Ericmouth,Grocery,False,normal
TXN_000836,USER_0020,63.56,113.99,2026-09-15 21:45:56.456679,Cassandraton,Grocery,False,normal
TXN_000837,USER_0008,138.74,94.98,2026-09-06 09:52:56.456679,New Kellystad,Utilities,False,normal
TXN_000838,USER_0040,192.22,94.72,2026-08-29 20:51:56.456679,Lisatown,Entertainment,False,normal
TXN_000839,USER_0022,184.84,67.475,2026-09-12 16:19:56.456679,Port Jesseville,Grocery,False,normal
TXN_000840,USER_0042,31.47,101.31,2026-08-28 22:44:56.456679,Port Keith,Utilities,False,normal
TXN_000841,USER_0022,95.18,67.475,2026-09-09 17:09:56.456679,East Jill,Utilities,False,normal
TXN_000842,USER_0020,115.16,113.99,2026-09-05 05:37:56.456679,West Michael,Utilities,False,normal
TXN_000843,USER_0002,45.61,54.91,2026-09-05 23:20:56.456679,Herrerafurt,Grocery,False,normal
TXN_000844,USER_0010,59.69,84.95,2026-08-23 07:03:56.456679,Cassandraton,Travel,False,normal
TXN_000845,USER_0041,109.18,110.68,2026-08-29 10:17:56.456679,Jacquelineland,Utilities,False,normal
TXN_000846,USER_0025,41.54,84.71,2026-08-27 04:38:56.456679,North Noahstad,Entertainment,False,normal
TXN_000847,USER_0046,11.17,67.27,2026-09-09 17:04:56.456679,New Roberttown,Travel,False,normal
TXN_000848,USER_0016,77.46,108.58,2026-09-04 15:34:56.456679,Lisatown,Utilities,False,normal
TXN_000849,USER_0020,39.13,113.99,2026-09-07 21:45:56.456679,East Jill,Electronics,False,normal
TXN_000850,USER_0006,91.54,88.97,2026-08-23 00:15:56.456679,Port Jesseville,Utilities,False,normal
TXN_000851,USER_0010,42.09,84.95,2026-09-12 21:05:56.456679,Ramirezstad,Entertainment,False,normal
TXN_000852,USER_0050,68.83,112.51,2026-08-26 08:20:56.456679,Ramirezstad,Electronics,False,normal
TXN_000853,USER_0014,146.29,103.65,2026-09-11 18:46:56.456679,New Kellystad,Utilities,False,normal
TXN_000854,USER_0008,5.8,94.98,2026-08-23 21:06:56.456679,New Jessica,Grocery,False,normal
TXN_000855,USER_0022,96.04,67.475,2026-08-23 23:24:56.456679,East Jessetown,Utilities,False,normal
TXN_000856,USER_0050,133.5,112.51,2026-09-05 02:19:56.456679,North Judithbury,Utilities,False,normal
TXN_000857,USER_0049,65.87,102.53,2026-08-31 10:13:56.456679,Cassandraton,Electronics,False,normal
TXN_000858,USER_0013,60.88,98.74000000000001,2026-09-15 02:24:56.456679,Cassandraton,Travel,False,normal
TXN_000859,USER_0043,27.94,87.56,2026-08-28 16:06:56.456679,Robinsonshire,Entertainment,False,normal
TXN_000860,USER_0008,7.98,94.98,2026-09-19 05:26:56.456679,West Michael,Utilities,False,normal
TXN_000861,USER_0007,45.28,143.365,2026-09-06 19:39:56.456679,West Michael,Entertainment,False,normal
TXN_000862,USER_0018,32.6,112.74,2026-09-03 18:25:56.456679,Jacquelineland,Electronics,False,normal
TXN_000863,USER_0011,18.89,110.18,2026-09-18 18:51:56.456679,Cassandraton,Utilities,False,normal
TXN_000864,USER_0029,14.89,103.25,2026-08-23 04:41:56.456679,Port Jesseville,Grocery,False,normal
TXN_000865,USER_0007,79.8,143.365,2026-08-25 19:04:56.456679,Lake Chad,Travel,False,normal
TXN_000866,USER_0012,142.41,111.37,2026-09-17 20:27:56.456679,Port Keith,Utilities,False,normal
TXN_000867,USER_0023,65.93,103.93,2026-08-30 21:26:56.456679,West Michael,Grocery,False,normal
TXN_000868,USER_0049,154.06,102.53,2026-09-16 17:11:56.456679,Lake Debra,Grocery,False,normal
TXN_000869,USER_0045,96.31,91.56,2026-09-11 14:38:56.456679,North Noahstad,Travel,False,normal
TXN_000870,USER_0031,50.18,98.35,2026-09-01 01:27:56.456679,Lake Debra,Utilities,False,normal
TXN_000871,USER_0017,183.01,74.68,2026-09-08 17:16:56.456679,Robinsonshire,Entertainment,False,normal
TXN_000872,USER_0021,93.39,89.45,2026-08-23 06:04:56.456679,New Roberttown,Travel,False,normal
TXN_000873,USER_0008,73.53,94.98,2026-09-11 20:48:56.456679,Robinsonshire,Entertainment,False,normal
TXN_000874,USER_0050,72.98,112.51,2026-09-17 00:43:56.456679,Lake Debra,Utilities,False,normal
TXN_000875,USER_0007,84.11,143.365,2026-08-26 17:52:56.456679,Cassandraton,Utilities,False,normal
TXN_000876,USER_0042,18.83,101.31,2026-09-04 15:00:56.456679,West Michael,Travel,False,normal
TXN_000877,USER_0026,120.15,120.42,2026-09-01 17:36:56.456679,New Jessica,Electronics,False,normal
TXN_000878,USER_0036,36.01,76.5,2026-09-12 19:53:56.456679,New Kellystad,Grocery,False,normal
TXN_000879,USER_0022,45.61,67.475,2026-09-17 18:30:56.456679,Lake Chad,Travel,False,normal
TXN_000880,USER_0037,158.53,118.425,2026-09-15 15:47:56.456679,Lake Roberto,Electronics,False,normal
TXN_000881,USER_0043,135.57,87.56,2026-09-17 00:11:56.456679,Port Jesseville,Grocery,False,normal
TXN_000882,USER_0038,121.23,95.255,2026-09-05 16:24:56.456679,West Michael,Grocery,False,normal
TXN_000883,USER_0029,39.35,103.25,2026-09-09 08:15:56.456679,New Roberttown,Utilities,False,normal
TXN_000884,USER_0007,989.12,143.365,2026-09-18 00:27:56.456679,New Kellystad,Entertainment,True,spike
TXN_000885,USER_0032,130.77,92.39,2026-08-24 16:10:56.456679,New Roberttown,Electronics,False,normal
TXN_000886,USER_0009,449.27,102.95,2026-09-19 19:50:56.456679,East Jill,Electronics,True,velocity
TXN_000887,USER_0043,34.1,87.56,2026-09-15 01:17:56.456679,North Noahstad,Travel,False,normal
TXN_000888,USER_0040,117.7,94.72,2026-08-30 18:44:56.456679,Lisatown,Entertainment,False,normal
TXN_000889,USER_0020,116.2,113.99,2026-09-04 17:39:56.456679,Lake Chad,Entertainment,False,normal
TXN_000890,USER_0006,118.63,88.97,2026-09-18 16:55:56.456679,Ramirezstad,Travel,False,normal
TXN_000891,USER_0009,171.24,102.95,2026-08-24 17:11:56.456679,Herrerafurt,Utilities,False,normal
TXN_000892,USER_0004,5.16,102.875,2026-09-16 08:43:56.456679,Herrerafurt,Grocery,False,normal
TXN_000893,USER_0019,173.81,138.79000000000002,2026-09-01 13:57:56.456679,Lake Chad,Utilities,False,normal
TXN_000894,USER_0026,126.92,120.42,2026-09-08 07:07:56.456679,New Kellystad,Travel,False,normal
TXN_000895,USER_0028,111.3,121.3,2026-08-29 18:25:56.456679,Port Jesseville,Electronics,False,normal
TXN_000896,USER_0013,113.31,98.74000000000001,2026-09-07 06:32:56.456679,Lake Chad,Electronics,False,normal
TXN_000897,USER_0019,199.5,138.79000000000002,2026-08-27 14:08:56.456679,Lake Debra,Grocery,False,normal
TXN_000898,USER_0005,131.44,96.55,2026-08-28 10:17:56.456679,Port Jesseville,Travel,False,normal
TXN_000899,USER_0009,21.51,102.95,2026-09-20 02:31:56.456679,Lake Chad,Travel,False,normal
TXN_000900,USER_0045,321.99,91.56,2026-09-10 05:59:56.456679,Lake Chad,Electronics,True,velocity
TXN_000901,USER_0030,104.34,105.88,2026-09-16 00:00:56.456679,Port Keith,Travel,False,normal
TXN_000902,USER_0023,49.02,103.93,2026-09-10 04:58:56.456679,New Jessica,Grocery,False,normal
TXN_000903,USER_0037,102.14,118.425,2026-09-01 15:36:56.456679,Ramirezstad,Entertainment,False,normal
TXN_000904,USER_0027,185.68,70.4,2026-09-17 02:32:56.456679,Herrerafurt,Grocery,False,normal
TXN_000905,USER_0003,115.79,125.975,2026-09-07 15:36:56.456679,East Jessetown,Utilities,False,normal
TXN_000906,USER_0031,192.54,98.35,2026-08-25 12:28:56.456679,Lake Debra,Utilities,False,normal
TXN_000907,USER_0049,156.88,102.53,2026-09-12 00:51:56.456679,Ramirezstad,Grocery,False,normal
TXN_000908,USER_0034,178.53,86.64,2026-08-25 21:37:56.456679,Lake Roberto,Travel,False,normal
TXN_000909,USER_0041,149.63,110.68,2026-08-25 10:18:56.456679,West Michael,Utilities,False,normal
TXN_000910,USER_0020,124.54,113.99,2026-09-06 12:15:56.456679,West Michael,Grocery,False,normal
TXN_000911,USER_0031,93.54,98.35,2026-09-12 05:32:56.456679,Jacquelineland,Entertainment,False,normal
TXN_000912,USER_0027,73.82,70.4,2026-09-04 06:49:56.456679,North Noahstad,Electronics,False,normal
TXN_000913,USER_0003,140.53,125.975,2026-09-18 01:47:56.456679,North Noahstad,Utilities,False,normal
TXN_000914,USER_0017,16.98,74.68,2026-09-12 09:50:56.456679,Jacquelineland,Electronics,False,normal
TXN_000915,USER_0037,15.07,118.425,2026-09-04 03:41:56.456679,New Jessica,Grocery,False,normal
TXN_000916,USER_0019,99.53,138.79000000000002,2026-08-27 15:32:56.456679,Ramirezstad,Grocery,False,normal
TXN_000917,USER_0018,54.15,112.74,2026-09-18 21:37:56.456679,Ericmouth,Entertainment,False,normal
TXN_000918,USER_0017,7.77,74.68,2026-08-26 22:51:56.456679,New Jessica,Electronics,False,normal
TXN_000919,USER_0038,149.1,95.255,2026-09-20 20:59:56.456679,Port Keith,Entertainment,False,normal
TXN_000920,USER_0012,55.94,111.37,2026-09-01 15:00:56.456679,Port Jesseville,Electronics,False,normal
TXN_000921,USER_0034,173.09,86.64,2026-09-06 11:29:56.456679,New Roberttown,Electronics,False,normal
TXN_000922,USER_0039,187.12,106.285,2026-08-28 21:23:56.456679,Port Jesseville,Travel,False,normal
TXN_000923,USER_0050,222.43,112.51,2026-09-19 19:51:32.456679,New Roberttown,Electronics,True,velocity
TXN_000924,USER_0037,148.2,118.425,2026-09-06 13:55:56.456679,East Jill,Entertainment,False,normal
TXN_000925,USER_0049,164.81,102.53,2026-08-24 06:23:56.456679,Robinsonshire,Travel,False,normal
TXN_000926,USER_0026,97.87,120.42,2026-09-12 13:13:56.456679,West Michael,Electronics,False,normal
TXN_000927,USER_0025,138.28,84.71,2026-09-08 15:04:56.456679,Port Jesseville,Entertainment,False,normal
TXN_000928,USER_0010,108.44,84.95,2026-09-10 15:51:56.456679,North Judithbury,Entertainment,False,normal
TXN_000929,USER_0029,79.49,103.25,2026-09-05 05:49:56.456679,Ramirezstad,Grocery,False,normal
TXN_000930,USER_0007,183.95,143.365,2026-09-19 21:15:56.456679,Herrerafurt,Travel,False,normal
TXN_000931,USER_0040,184.02,94.72,2026-09-03 06:45:56.456679,Cassandraton,Entertainment,False,normal
TXN_000932,USER_0018,161.45,112.74,2026-09-02 11:55:56.456679,Jacquelineland,Travel,False,normal
TXN_000933,USER_0030,155.76,105.88,2026-09-01 21:07:56.456679,Jacquelineland,Electronics,False,normal
TXN_000934,USER_0034,70.79,86.64,2026-08-30 01:32:56.456679,Cassandraton,Utilities,False,normal
TXN_000935,USER_0001,136.2,133.24,2026-08-24 23:14:56.456679,North Judithbury,Travel,False,normal
TXN_000936,USER_0007,107.43,143.365,2026-09-11 04:06:56.456679,Herrerafurt,Electronics,False,normal
TXN_000937,USER_0047,60.24,123.73,2026-08-30 15:54:56.456679,East Jill,Grocery,False,normal
TXN_000938,USER_0040,22.93,94.72,2026-09-17 21:58:56.456679,Lisatown,Utilities,False,normal
TXN_000939,USER_0041,28.75,110.68,2026-08-27 08:03:56.456679,New Roberttown,Utilities,False,normal
TXN_000940,USER_0009,78.31,102.95,2026-09-20 08:42:56.456679,Jacquelineland,Electronics,False,normal
TXN_000941,USER_0008,140.65,94.98,2026-09-02 09:43:56.456679,North Noahstad,Travel,False,normal
TXN_000942,USER_0043,187.56,87.56,2026-09-19 22:44:56.456679,Port Keith,Entertainment,False,normal
TXN_000943,USER_0050,88.26,112.51,2026-09-05 14:15:56.456679,Ericmouth,Electronics,False,normal
TXN_000944,USER_0050,19.43,112.51,2026-08-24 17:09:56.456679,New Kellystad,Travel,False,normal
TXN_000945,USER_0022,199.21,67.475,2026-09-02 15:04:56.456679,Ericmouth,Electronics,False,normal
TXN_000946,USER_0029,18.53,103.25,2026-08-31 00:12:56.456679,New Jessica,Travel,False,normal
TXN_000947,USER_0012,130.87,111.37,2026-08-26 19:27:56.456679,Lake Debra,Utilities,False,normal
TXN_000948,USER_0050,89.09,112.51,2026-09-18 19:37:56.456679,East Jessetown,Travel,False,normal
TXN_000949,USER_0046,55.5,67.27,2026-08-23 11:05:56.456679,New Roberttown,Grocery,False,normal
TXN_000950,USER_0037,146.87,118.425,2026-09-11 04:02:56.456679,North Judithbury,Travel,False,normal
TXN_000951,USER_0010,132.31,84.95,2026-08-21 21:57:56.456679,East Jill,Travel,False,normal
TXN_000952,USER_0018,34.56,112.74,2026-09-05 21:16:56.456679,New Kellystad,Utilities,False,normal
TXN_000953,USER_0001,105.5,133.24,2026-09-13 04:58:56.456679,Port Jesseville,Travel,False,normal
TXN_000954,USER_0026,169.59,120.42,2026-08-25 01:35:56.456679,West Michael,Electronics,False,normal
TXN_000955,USER_0001,79.96,133.24,2026-09-12 19:33:56.456679,East Jessetown,Utilities,False,normal
TXN_000956,USER_0035,470.77,65.595,2026-09-07 05:03:56.456679,West Michael,Entertainment,True,velocity
TXN_000957,USER_0026,15.76,120.42,2026-09-20 07:47:56.456679,New Roberttown,Entertainment,False,normal
TXN_000958,USER_0035,171.4,65.595,2026-09-06 08:27:56.456679,New Roberttown,Travel,False,normal
TXN_000959,USER_0049,154.47,102.53,2026-09-20 08:34:56.456679,Lisatown,Electronics,False,normal
TXN_000960,USER_0036,12.67,76.5,2026-09-08 08:37:56.456679,Lisatown,Entertainment,False,normal
TXN_000961,USER_0045,81.07,91.56,2026-08-26 17:38:56.456679,Herrerafurt,Travel,False,normal
TXN_000962,USER_0006,177.62,88.97,2026-09-10 19:24:56.456679,Lisatown,Electronics,False,normal
TXN_000963,USER_0003,42.65,125.975,2026-09-17 20:40:56.456679,Lake Roberto,Travel,False,normal
TXN_000964,USER_0025,17.28,84.71,2026-09-15 11:26:56.456679,North Noahstad,Travel,False,normal
TXN_000965,USER_0035,193.17,65.595,2026-09-11 07:46:56.456679,North Judithbury,Grocery,False,normal
TXN_000966,USER_0022,15.93,67.475,2026-08-23 19:46:56.456679,New Kellystad,Grocery,False,normal
TXN_000967,USER_0014,759.22,103.65,2026-09-14 16:24:56.456679,Port Keith,Utilities,True,spike
TXN_000968,USER_0010,602.61,84.95,2026-09-01 11:29:56.456679,New Roberttown,Grocery,True,spike
TXN_000969,USER_0048,32.61,110.19,2026-09-20 15:10:56.456679,North Judithbury,Travel,False,normal
TXN_000970,USER_0040,13.93,94.72,2026-09-20 09:39:56.456679,Lake Debra,Grocery,False,normal
TXN_000971,USER_0012,128.37,111.37,2026-09-04 20:42:56.456679,East Jessetown,Travel,False,normal
TXN_000972,USER_0040,38.28,94.72,2026-09-17 18:35:56.456679,New Roberttown,Grocery,False,normal
TXN_000973,USER_0008,101.94,94.98,2026-09-18 21:26:56.456679,Lake Roberto,Grocery,False,normal
TXN_000974,USER_0013,88.11,98.74000000000001,2026-09-09 04:07:56.456679,Cassandraton,Grocery,False,normal
TXN_000975,USER_0044,117.31,116.83500000000001,2026-08-28 03:01:56.456679,Cassandraton,Electronics,False,normal
TXN_000976,USER_0049,13.89,102.53,2026-08-29 18:28:56.456679,Cassandraton,Grocery,False,normal
TXN_000977,USER_0008,58.41,94.98,2026-09-09 18:28:56.456679,Robinsonshire,Entertainment,False,normal
TXN_000978,USER_0036,37.18,76.5,2026-09-01 23:08:56.456679,Jacquelineland,Grocery,False,normal
TXN_000979,USER_0009,24.49,102.95,2026-09-19 15:32:56.456679,New Jessica,Travel,False,normal
TXN_000980,USER_0050,35.76,112.51,2026-09-13 00:54:56.456679,New Roberttown,Grocery,False,normal
TXN_000981,USER_0001,39.99,133.24,2026-08-25 22:22:56.456679,Jacquelineland,Entertainment,False,normal
TXN_000982,USER_0027,140.23,70.4,2026-09-12 12:56:56.456679,Lake Debra,Electronics,False,normal
TXN_000983,USER_0010,129.77,84.95,2026-09-14 16:22:56.456679,Port Keith,Travel,False,normal
TXN_000984,USER_0016,187.93,108.58,2026-09-18 15:53:56.456679,East Jill,Utilities,False,normal
TXN_000985,USER_0012,372.74,111.37,2026-09-18 17:32:56.456679,New Jessica,Entertainment,True,velocity
TXN_000986,USER_0023,86.66,103.93,2026-09-16 06:11:56.456679,Lake Roberto,Electronics,False,normal
TXN_000987,USER_0008,197.39,94.98,2026-08-26 05:31:56.456679,New Jessica,Entertainment,False,normal
TXN_000988,USER_0049,197.42,102.53,2026-09-13 23:23:56.456679,Lake Roberto,Travel,False,normal
TXN_000989,USER_0050,331.91,112.51,2026-09-18 17:33:24.456679,Robinsonshire,Grocery,True,velocity
TXN_000990,USER_0013,26.97,98.74000000000001,2026-08-28 16:00:56.456679,Port Jesseville,Travel,False,normal
TXN_000991,USER_0012,36.15,111.37,2026-08-23 20:06:56.456679,East Jill,Entertainment,False,normal
TXN_000992,USER_0019,45.87,138.79000000000002,2026-09-02 07:35:56.456679,Cassandraton,Utilities,False,normal
TXN_000993,USER_0049,93.36,102.53,2026-08-26 15:04:56.456679,East Jill,Utilities,False,normal
TXN_000994,USER_0012,35.82,111.37,2026-08-23 04:45:56.456679,Port Jesseville,Utilities,False,normal
TXN_000995,USER_0008,18.82,94.98,2026-09-01 14:01:56.456679,Port Keith,Utilities,False,normal
TXN_000996,USER_0038,68.56,95.255,2026-08-30 22:06:56.456679,Cassandraton,Electronics,False,normal
TXN_000997,USER_0050,26.48,112.51,2026-09-01 05:48:56.456679,East Jessetown,Electronics,False,normal
TXN_000998,USER_0048,85.46,110.19,2026-08-30 23:25:56.456679,New Kellystad,Electronics,False,normal
TXN_000999,USER_0005,96.84,96.55,2026-09-12 22:07:56.456679,East Jill,Travel,False,normal
